Department,Method,Room,Day,Start,End,PatientID,Type
RST ROMB CCL,Hartmann GA 1998,101 CCL,1,07:00,08:16,22340,JAN
RST ROMB CCL,Hartmann GA 1998,101 CCL,1,08:31,09:19,22204,JAN
RST ROMB CCL,Hartmann GA 1998,102 CCL,1,07:00,10:26,22593,JAN
RST ROMB CCL,Hartmann GA 1998,103 CCL,1,07:00,08:23,22542,JAN
RST ROMB CCL,Hartmann GA 1998,103 CCL,1,08:38,09:15,22506,JAN
RST ROMB CCL,Hartmann GA 1998,103 CCL,1,09:30,10:16,22381,JAN
RST ROMB CCL,Hartmann GA 1998,102 CCL,1,10:41,11:43,22323,JAN
RST ROMB CCL,Hartmann GA 1998,101 CCL,1,09:34,10:40,23009,JAN
RST ROMB CCL,Hartmann GA 1998,103 CCL,1,10:31,11:57,22298,JAN
RST ROMB CCL,Hartmann GA 1998,101 CCL,1,10:55,12:37,23078,JAN
RST ROMB CCL,Hartmann GA 1998,102 CCL,1,11:58,13:49,22824,JAN
RST ROMB CCL,Hartmann GA 1998,102 CCL,1,14:04,14:44,22214,JAN
RST ROMB CCL,Hartmann GA 1998,102 CCL,1,14:59,16:12,22212,JAN
RST ROMB CCL,Hartmann GA 1998,102 CCL,1,16:27,18:10,22309,JAN
RST ROMB CCL,Hartmann GA 1998,101 CCL,2,07:00,08:13,22501,JAN
RST ROMB CCL,Hartmann GA 1998,101 CCL,1,12:52,14:20,22525,JAN
RST ROMB CCL,Hartmann GA 1998,103 CCL,2,07:00,08:44,22948,JAN
RST ROMB CCL,Hartmann GA 1998,103 CCL,1,12:12,12:46,23093,JAN
RST ROMB CCL,Hartmann GA 1998,101 CCL,1,14:35,15:53,22209,JAN
RST ROMB CCL,Hartmann GA 1998,104 CCL,1,07:00,08:01,23034,JAN
RST ROMB CCL,Hartmann GA 1998,101 CCL,1,16:08,18:08,22475,JAN
RST ROMB CCL,Hartmann GA 1998,103 CCL,1,13:01,15:53,23134,JAN
RST ROMB CCL,Hartmann GA 1998,103 CCL,1,16:08,16:55,22817,JAN
RST ROMB CCL,Hartmann GA 1998,101 CCL,2,08:28,10:30,22503,JAN
RST ROMB CCL,Hartmann GA 1998,103 CCL,1,17:10,17:54,22863,JAN
RST ROMB CCL,Hartmann GA 1998,103 CCL,1,18:09,18:51,23077,JAN
RST ROMB CCL,Hartmann GA 1998,103 CCL,2,08:59,10:08,22596,JAN
RST ROMB CCL,Hartmann GA 1998,104 CCL,1,08:16,09:19,22175,JAN
RST ROMB CCL,Hartmann GA 1998,104 CCL,1,09:34,10:41,22413,JAN
RST ROMB CCL,Hartmann GA 1998,104 CCL,1,10:56,11:30,23128,JAN
RST ROMB CCL,Hartmann GA 1998,101 CCL,1,18:23,18:50,22696,JAN
RST ROMB CCL,Hartmann GA 1998,105 CCL,1,07:00,07:38,23103,JAN
RST ROMB CCL,Hartmann GA 1998,104 CCL,1,11:45,13:19,22405,JAN
RST ROMB CCL,Hartmann GA 1998,104 CCL,1,13:34,15:53,22498,JAN
RST ROMB CCL,Hartmann GA 1998,104 CCL,1,16:08,17:59,22686,JAN
RST ROMB CCL,Hartmann GA 1998,102 CCL,2,07:00,07:47,23135,JAN
RST ROMB CCL,Hartmann GA 1998,104 CCL,1,18:14,18:53,22308,JAN
RST ROMB CCL,Hartmann GA 1998,105 CCL,1,07:53,08:39,22763,JAN
RST ROMB CCL,Hartmann GA 1998,103 CCL,2,10:23,15:12,22317,JAN
RST ROMB CCL,Hartmann GA 1998,105 CCL,1,08:54,10:25,22726,JAN
RST ROMB CCL,Hartmann GA 1998,105 CCL,1,10:40,11:36,22701,JAN
RST ROMB CCL,Hartmann GA 1998,105 CCL,1,11:51,12:46,22575,JAN
RST ROMB CCL,Hartmann GA 1998,105 CCL,1,13:01,13:39,22232,JAN
RST ROMB CCL,Hartmann GA 1998,102 CCL,2,08:02,09:04,22878,JAN
RST ROMB CCL,Hartmann GA 1998,105 CCL,1,13:54,14:49,22995,JAN
RST ROMB CCL,Hartmann GA 1998,105 CCL,1,15:04,16:21,22358,JAN
RST ROMB CCL,Hartmann GA 1998,105 CCL,1,16:36,17:17,22759,JAN
RST ROMB CCL,Hartmann GA 1998,101 CCL,2,10:45,12:35,22286,JAN
RST ROMB CCL,Hartmann GA 1998,107 CCL,1,07:00,09:54,23019,JAN
RST ROMB CCL,Hartmann GA 1998,105 CCL,1,17:32,18:08,22621,JAN
RST ROMB CCL,Hartmann GA 1998,107 CCL,1,10:09,11:47,22729,JAN
RST ROMB CCL,Hartmann GA 1998,107 CCL,1,12:02,14:36,23058,JAN
RST ROMB CCL,Hartmann GA 1998,107 CCL,1,14:51,16:13,22466,JAN
RST ROMB CCL,Hartmann GA 1998,103 CCL,2,15:27,18:15,22273,JAN
RST ROMB CCL,Hartmann GA 1998,108 CCL,1,07:00,08:35,22235,JAN
RST ROMB CCL,Hartmann GA 1998,107 CCL,1,16:28,17:22,22518,JAN
RST ROMB CCL,Hartmann GA 1998,108 CCL,1,08:50,09:53,22613,JAN
RST ROMB CCL,Hartmann GA 1998,101 CCL,2,12:50,13:54,22288,JAN
RST ROMB CCL,Hartmann GA 1998,102 CCL,2,09:19,10:14,23121,JAN
RST ROMB CCL,Hartmann GA 1998,105 CCL,1,18:23,18:59,22322,JAN
RST ROMB CCL,Hartmann GA 1998,107 CCL,1,17:37,18:21,23088,JAN
RST ROMB CCL,Hartmann GA 1998,101 CCL,2,14:09,16:15,23096,JAN
RST ROMB CCL,Hartmann GA 1998,104 CCL,2,07:00,08:44,22870,JAN
RST ROMB CCL,Hartmann GA 1998,101 CCL,2,16:30,17:29,22737,JAN
RST ROMB CCL,Hartmann GA 1998,104 CCL,2,08:59,09:38,22416,JAN
RST ROMB CCL,Hartmann GA 1998,102 CCL,2,10:29,11:21,22747,JAN
RST ROMB CCL,Hartmann GA 1998,103 CCL,2,18:30,19:00,22721,JAN
RST ROMB CCL,Hartmann GA 1998,108 CCL,1,10:08,12:37,22491,JAN
RST ROMB CCL,Hartmann GA 1998,102 CCL,2,11:36,14:07,22578,JAN
RST ROMB CCL,Hartmann GA 1998,104 CCL,2,09:53,10:56,22275,JAN
RST ROMB CCL,Hartmann GA 1998,108 CCL,1,12:52,13:44,22432,JAN
RST ROMB CCL,Hartmann GA 1998,108 CCL,1,13:59,16:05,22992,JAN
RST ROMB CCL,Hartmann GA 1998,101 CCL,3,07:00,07:52,23138,JAN
RST ROMB CCL,Hartmann GA 1998,104 CCL,2,11:11,12:30,22419,JAN
RST ROMB CCL,Hartmann GA 1998,108 CCL,1,16:20,17:06,22883,JAN
RST ROMB CCL,Hartmann GA 1998,108 CCL,1,17:21,17:55,22760,JAN
RST ROMB CCL,Hartmann GA 1998,101 CCL,2,17:44,18:24,22586,JAN
RST ROMB CCL,Hartmann GA 1998,104 CCL,2,12:45,13:55,23028,JAN
RST ROMB CCL,Hartmann GA 1998,101 CCL,3,08:07,08:53,22502,JAN
RST ROMB CCL,Hartmann GA 1998,102 CCL,2,14:22,15:36,22668,JAN
RST ROMB CCL,Hartmann GA 1998,104 CCL,2,14:10,14:37,22253,JAN
RST ROMB CCL,Hartmann GA 1998,102 CCL,1,18:25,18:52,22519,JAN
RST ROMB CCL,Hartmann GA 1998,104 CCL,2,14:52,17:10,23127,JAN
RST ROMB CCL,Hartmann GA 1998,101 CCL,3,09:08,10:19,22658,JAN
RST ROMB CCL,Hartmann GA 1998,101 CCL,3,10:34,11:13,22789,JAN
RST ROMB CCL,Hartmann GA 1998,105 CCL,2,07:00,09:09,22579,JAN
RST ROMB CCL,Hartmann GA 1998,105 CCL,2,09:24,11:31,22266,JAN
RST ROMB CCL,Hartmann GA 1998,104 CCL,2,17:25,18:32,22493,JAN
RST ROMB CCL,Hartmann GA 1998,101 CCL,3,11:28,13:32,22655,JAN
RST ROMB CCL,Hartmann GA 1998,102 CCL,2,15:51,17:32,22495,JAN
RST ROMB CCL,Hartmann GA 1998,108 CCL,1,18:10,18:41,22941,JAN
RST ROMB CCL,Hartmann GA 1998,105 CCL,2,11:46,12:21,22782,JAN
RST ROMB CCL,Hartmann GA 1998,107 CCL,2,07:00,08:53,22877,JAN
RST ROMB CCL,Hartmann GA 1998,101 CCL,3,13:47,14:20,22385,JAN
RST ROMB CCL,Hartmann GA 1998,102 CCL,3,07:00,10:06,22576,JAN
RST ROMB CCL,Hartmann GA 1998,102 CCL,3,10:21,12:43,23136,JAN
RST ROMB CCL,Hartmann GA 1998,101 CCL,3,14:35,16:05,22548,JAN
RST ROMB CCL,Hartmann GA 1998,102 CCL,3,12:58,14:59,22997,JAN
RST ROMB CCL,Hartmann GA 1998,105 CCL,2,12:36,13:09,22573,JAN
RST ROMB CCL,Hartmann GA 1998,101 CCL,3,16:20,17:23,22831,JAN
RST ROMB CCL,Hartmann GA 1998,105 CCL,2,13:24,15:35,22786,JAN
RST ROMB CCL,Hartmann GA 1998,105 CCL,2,15:50,16:31,23073,JAN
RST ROMB CCL,Hartmann GA 1998,102 CCL,3,15:14,17:50,23030,JAN
RST ROMB CCL,Hartmann GA 1998,105 CCL,2,16:46,17:27,22380,JAN
RST ROMB CCL,Hartmann GA 1998,105 CCL,2,17:42,18:35,22953,JAN
RST ROMB CCL,Hartmann GA 1998,107 CCL,2,09:08,10:20,22929,JAN
RST ROMB CCL,Hartmann GA 1998,107 CCL,2,10:35,11:37,22307,JAN
RST ROMB CCL,Hartmann GA 1998,107 CCL,2,11:52,12:58,22237,JAN
RST ROMB CCL,Hartmann GA 1998,107 CCL,2,13:13,14:06,22335,JAN
RST ROMB CCL,Hartmann GA 1998,101 CCL,4,07:00,09:21,22401,JAN
RST ROMB CCL,Hartmann GA 1998,107 CCL,1,18:36,18:57,23100,JAN
RST ROMB CCL,Hartmann GA 1998,108 CCL,2,07:00,07:59,23098,JAN
RST ROMB CCL,Hartmann GA 1998,107 CCL,2,14:21,15:11,22262,JAN
RST ROMB CCL,Hartmann GA 1998,108 CCL,2,08:14,09:30,22769,JAN
RST ROMB CCL,Hartmann GA 1998,103 CCL,3,07:00,08:00,22764,JAN
RST ROMB CCL,Hartmann GA 1998,101 CCL,3,17:38,18:35,22894,JAN
RST ROMB CCL,Hartmann GA 1998,101 CCL,4,09:36,11:44,22559,JAN
RST ROMB CCL,Hartmann GA 1998,103 CCL,3,08:15,09:48,22181,JAN
RST ROMB CCL,Hartmann GA 1998,101 CCL,4,11:59,13:05,22344,JAN
RST ROMB CCL,Hartmann GA 1998,101 CCL,4,13:20,14:09,23042,JAN
RST ROMB CCL,Hartmann GA 1998,107 CCL,2,15:26,16:39,23097,JAN
RST ROMB CCL,Hartmann GA 1998,107 CCL,2,16:54,17:51,23144,JAN
RST ROMB CCL,Hartmann GA 1998,103 CCL,3,10:03,11:35,23074,JAN
RST ROMB CCL,Hartmann GA 1998,108 CCL,2,09:45,11:20,22845,JAN
RST ROMB CCL,Hartmann GA 1998,103 CCL,3,11:50,12:54,22409,JAN
RST ROMB CCL,Hartmann GA 1998,101 CCL,4,14:24,15:09,23055,JAN
RST ROMB CCL,Hartmann GA 1998,102 CCL,4,07:00,08:27,22172,JAN
RST ROMB CCL,Hartmann GA 1998,101 CCL,4,15:24,16:56,22999,JAN
RST ROMB CCL,Hartmann GA 1998,103 CCL,3,13:09,14:08,22942,JAN
RST ROMB CCL,Hartmann GA 1998,104 CCL,3,07:00,11:52,22441,JAN
RST ROMB CCL,Hartmann GA 1998,103 CCL,3,14:23,15:35,22950,JAN
RST ROMB CCL,Hartmann GA 1998,107 CCL,2,18:06,18:36,22327,JAN
RST ROMB CCL,Hartmann GA 1998,101 CCL,4,17:11,18:04,22626,JAN
RST ROMB CCL,Hartmann GA 1998,101 CCL,5,07:00,08:10,23115,JAN
RST ROMB CCL,Hartmann GA 1998,108 CCL,2,11:35,14:55,22983,JAN
RST ROMB CCL,Hartmann GA 1998,102 CCL,2,17:47,18:33,22754,JAN
RST ROMB CCL,Hartmann GA 1998,108 CCL,2,15:10,16:02,22415,JAN
RST ROMB CCL,Hartmann GA 1998,101 CCL,4,18:19,18:53,22167,JAN
RST ROMB CCL,Hartmann GA 1998,104 CCL,3,12:07,13:33,22667,JAN
RST ROMB CCL,Hartmann GA 1998,103 CCL,3,15:50,16:17,22923,JAN
RST ROMB CCL,Hartmann GA 1998,108 CCL,2,16:17,17:53,22178,JAN
RST ROMB CCL,Hartmann GA 1998,103 CCL,3,16:32,17:25,23031,JAN
RST ROMB CCL,Hartmann GA 1998,101 CCL,5,08:25,09:53,22888,JAN
RST ROMB CCL,Hartmann GA 1998,102 CCL,4,08:42,09:45,22449,JAN
RST ROMB CCL,Hartmann GA 1998,108 CCL,2,18:08,18:51,22851,JAN
RST ROMB CCL,Hartmann GA 1998,102 CCL,4,10:00,12:25,22927,JAN
RST ROMB CCL,Hartmann GA 1998,102 CCL,4,12:40,14:00,22807,JAN
RST ROMB CCL,Hartmann GA 1998,101 CCL,5,10:08,10:44,22792,JAN
RST ROMB CCL,Hartmann GA 1998,103 CCL,3,17:40,18:16,22402,JAN
RST ROMB CCL,Hartmann GA 1998,102 CCL,4,14:15,15:44,22352,JAN
RST ROMB CCL,Hartmann GA 1998,104 CCL,3,13:48,14:43,22211,JAN
RST ROMB CCL,Hartmann GA 1998,104 CCL,3,14:58,15:44,22353,JAN
RST ROMB CCL,Hartmann GA 1998,104 CCL,3,15:59,16:45,22932,JAN
RST ROMB CCL,Hartmann GA 1998,104 CCL,3,17:00,17:38,22603,JAN
RST ROMB CCL,Hartmann GA 1998,104 CCL,3,17:53,18:42,22901,JAN
RST ROMB CCL,Hartmann GA 1998,101 CCL,5,10:59,12:35,22224,JAN
RST ROMB CCL,Hartmann GA 1998,102 CCL,4,15:59,17:24,22231,JAN
RST ROMB CCL,Hartmann GA 1998,105 CCL,3,07:00,07:53,22738,JAN
RST ROMB CCL,Hartmann GA 1998,105 CCL,3,08:08,09:49,22539,JAN
RST ROMB CCL,Hartmann GA 1998,107 CCL,3,07:00,08:01,22799,JAN
RST ROMB CCL,Hartmann GA 1998,107 CCL,3,08:16,09:51,22219,JAN
RST ROMB CCL,Hartmann GA 1998,105 CCL,3,10:04,11:00,23057,JAN
RST ROMB CCL,Hartmann GA 1998,107 CCL,3,10:06,11:55,22577,JAN
RST ROMB CCL,Hartmann GA 1998,101 CCL,5,12:50,14:31,22767,JAN
RST ROMB CCL,Hartmann GA 1998,105 CCL,3,11:15,11:49,22261,JAN
RST ROMB CCL,Hartmann GA 1998,105 CCL,3,12:04,13:05,22980,JAN
RST ROMB CCL,Hartmann GA 1998,108 CCL,3,07:00,09:08,22678,JAN
RST ROMB CCL,Hartmann GA 1998,105 CCL,3,13:20,14:09,22534,JAN
RST ROMB CCL,Hartmann GA 1998,105 CCL,3,14:24,15:58,23141,JAN
RST ROMB CCL,Hartmann GA 1998,103 CCL,4,07:00,08:57,22291,JAN
RST ROMB CCL,Hartmann GA 1998,105 CCL,3,16:13,18:36,22370,JAN
RST ROMB CCL,Hartmann GA 1998,102 CCL,5,07:00,10:17,23083,JAN
RST ROMB CCL,Hartmann GA 1998,101 CCL,5,14:46,16:48,22847,JAN
RST ROMB CCL,Hartmann GA 1998,107 CCL,3,12:10,12:50,22634,JAN
RST ROMB CCL,Hartmann GA 1998,107 CCL,3,13:05,15:31,23015,JAN
RST ROMB CCL,Hartmann GA 1998,107 CCL,3,15:46,16:18,22952,JAN
RST ROMB CCL,Hartmann GA 1998,107 CCL,3,16:33,18:12,23117,JAN
RST ROMB CCL,Hartmann GA 1998,103 CCL,4,09:12,09:59,22758,JAN
RST ROMB CCL,Hartmann GA 1998,101 CCL,5,17:03,18:54,23054,JAN
RST ROMB CCL,Hartmann GA 1998,108 CCL,3,09:23,10:41,22703,JAN
RST ROMB CCL,Hartmann GA 1998,103 CCL,4,10:14,10:53,22321,JAN
RST ROMB CCL,Hartmann GA 1998,103 CCL,4,11:08,12:32,22724,JAN
RST ROMB CCL,Hartmann GA 1998,103 CCL,4,12:47,13:23,23095,JAN
RST ROMB CCL,Hartmann GA 1998,102 CCL,3,18:05,18:59,22476,JAN
RST ROMB CCL,Hartmann GA 1998,108 CCL,3,10:56,12:44,22685,JAN
RST ROMB CCL,Hartmann GA 1998,103 CCL,4,13:38,14:52,23029,JAN
RST ROMB CCL,Hartmann GA 1998,108 CCL,3,12:59,15:15,22457,JAN
RST ROMB CCL,Hartmann GA 1998,103 CCL,4,15:07,17:00,22994,JAN
RST ROMB CCL,Hartmann GA 1998,108 CCL,3,15:30,16:54,22865,JAN
RST ROMB CCL,Hartmann GA 1998,104 CCL,4,07:00,09:44,22568,JAN
RST ROMB CCL,Hartmann GA 1998,103 CCL,4,17:15,18:31,22509,JAN
RST ROMB CCL,Hartmann GA 1998,101 CCL,6,07:00,08:02,22257,JAN
RST ROMB CCL,Hartmann GA 1998,104 CCL,4,09:59,10:45,22356,JAN
RST ROMB CCL,Hartmann GA 1998,101 CCL,6,08:17,09:33,22341,JAN
RST ROMB CCL,Hartmann GA 1998,108 CCL,3,17:09,17:56,23026,JAN
RST ROMB CCL,Hartmann GA 1998,102 CCL,4,17:39,18:35,22430,JAN
RST ROMB CCL,Hartmann GA 1998,105 CCL,4,07:00,09:38,22180,JAN
RST ROMB CCL,Hartmann GA 1998,104 CCL,4,11:00,13:33,22622,JAN
RST ROMB CCL,Hartmann GA 1998,104 CCL,4,13:48,16:31,22595,JAN
RST ROMB CCL,Hartmann GA 1998,102 CCL,5,10:32,12:18,22973,JAN
RST ROMB CCL,Hartmann GA 1998,102 CCL,5,12:33,15:18,22855,JAN
RST ROMB CCL,Hartmann GA 1998,108 CCL,3,18:11,19:00,22984,JAN
RST ROMB CCL,Hartmann GA 1998,101 CCL,6,09:48,10:54,22957,JAN
RST ROMB CCL,Hartmann GA 1998,104 CCL,4,16:46,17:36,22220,JAN
RST ROMB CCL,Hartmann GA 1998,102 CCL,5,15:33,18:25,22720,JAN
RST ROMB CCL,Hartmann GA 1998,105 CCL,4,09:53,14:28,23023,JAN
RST ROMB CCL,Hartmann GA 1998,107 CCL,4,07:00,08:35,23126,JAN
RST ROMB CCL,Hartmann GA 1998,104 CCL,4,17:51,18:42,22853,JAN
RST ROMB CCL,Hartmann GA 1998,105 CCL,4,14:43,15:38,22216,JAN
RST ROMB CCL,Hartmann GA 1998,101 CCL,6,11:09,12:01,22190,JAN
RST ROMB CCL,Hartmann GA 1998,105 CCL,4,15:53,16:30,22833,JAN
RST ROMB CCL,Hartmann GA 1998,102 CCL,6,07:00,11:04,22422,JAN
RST ROMB CCL,Hartmann GA 1998,108 CCL,4,07:00,09:07,22849,JAN
RST ROMB CCL,Hartmann GA 1998,103 CCL,5,07:00,07:57,22567,JAN
RST ROMB CCL,Hartmann GA 1998,105 CCL,4,16:45,17:30,22351,JAN
RST ROMB CCL,Hartmann GA 1998,101 CCL,6,12:16,13:44,23005,JAN
RST ROMB CCL,Hartmann GA 1998,102 CCL,6,11:19,14:05,22684,JAN
RST ROMB CCL,Hartmann GA 1998,107 CCL,4,08:50,10:26,22910,JAN
RST ROMB CCL,Hartmann GA 1998,103 CCL,5,08:12,09:31,22330,JAN
RST ROMB CCL,Hartmann GA 1998,107 CCL,4,10:41,11:21,22887,JAN
RST ROMB CCL,Hartmann GA 1998,102 CCL,7,07:00,12:41,23018,JAN
RST ROMB CCL,Hartmann GA 1998,105 CCL,4,17:45,18:18,23080,JAN
RST ROMB CCL,Hartmann GA 1998,103 CCL,5,09:46,10:26,22606,JAN
RST ROMB CCL,Hartmann GA 1998,103 CCL,5,10:41,13:20,22612,JAN
RST ROMB CCL,Hartmann GA 1998,107 CCL,4,11:36,12:50,22533,JAN
RST ROMB CCL,Hartmann GA 1998,102 CCL,6,14:20,15:50,22354,JAN
RST ROMB CCL,Hartmann GA 1998,101 CCL,6,13:59,15:55,22778,JAN
RST ROMB CCL,Hartmann GA 1998,101 CCL,6,16:10,17:36,22808,JAN
RST ROMB CCL,Hartmann GA 1998,101 CCL,7,07:00,09:08,22926,JAN
RST ROMB CCL,Hartmann GA 1998,107 CCL,4,13:05,15:23,22481,JAN
RST ROMB CCL,Hartmann GA 1998,101 CCL,6,17:51,18:50,22314,JAN
RST ROMB CCL,Hartmann GA 1998,101 CCL,7,09:23,10:27,22985,JAN
RST ROMB CCL,Hartmann GA 1998,107 CCL,4,15:38,16:16,22239,JAN
RST ROMB CCL,Hartmann GA 1998,107 CCL,4,16:31,18:58,22917,JAN
RST ROMB CCL,Hartmann GA 1998,101 CCL,8,07:00,13:49,23094,JAN
RST ROMB CCL,Hartmann GA 1998,108 CCL,4,09:22,10:14,22440,JAN
RST ROMB CCL,Hartmann GA 1998,101 CCL,7,10:42,12:06,22890,JAN
RST ROMB CCL,Hartmann GA 1998,108 CCL,4,10:29,13:31,22486,JAN
RST ROMB CCL,Hartmann GA 1998,103 CCL,5,13:35,16:47,22526,JAN
RST ROMB CCL,Hartmann GA 1998,102 CCL,6,16:05,17:06,22880,JAN
RST ROMB CCL,Hartmann GA 1998,102 CCL,7,12:56,14:38,23118,JAN
RST ROMB CCL,Hartmann GA 1998,108 CCL,4,13:46,14:53,23119,JAN
RST ROMB CCL,Hartmann GA 1998,108 CCL,4,15:08,16:09,22673,JAN
RST ROMB CCL,Hartmann GA 1998,103 CCL,5,17:02,18:47,22666,JAN
RST ROMB CCL,Hartmann GA 1998,102 CCL,6,17:21,18:16,22240,JAN
RST ROMB CCL,Hartmann GA 1998,108 CCL,4,16:24,17:07,22213,JAN
RST ROMB CCL,Hartmann GA 1998,101 CCL,7,12:21,13:30,22479,JAN
RST ROMB CCL,Hartmann GA 1998,108 CCL,4,17:22,18:03,22736,JAN
RST ROMB CCL,Hartmann GA 1998,108 CCL,4,18:18,18:53,22858,JAN
RST ROMB CCL,Hartmann GA 1998,104 CCL,5,07:00,09:13,22250,JAN
RST ROMB CCL,Hartmann GA 1998,104 CCL,5,09:28,10:07,23079,JAN
RST ROMB CCL,Hartmann GA 1998,104 CCL,5,10:22,11:24,22315,JAN
RST ROMB CCL,Hartmann GA 1998,104 CCL,5,11:39,13:29,22802,JAN
RST ROMB CCL,Hartmann GA 1998,104 CCL,5,13:44,15:59,23075,JAN
RST ROMB CCL,Hartmann GA 1998,107 CCL,3,18:27,18:58,22507,JAN
RST ROMB CCL,Hartmann GA 1998,101 CCL,7,13:45,14:23,23070,JAN
RST ROMB CCL,Hartmann GA 1998,101 CCL,7,14:38,15:24,22793,JAN
RST ROMB CCL,Hartmann GA 1998,105 CCL,5,07:00,10:06,22986,JAN
RST ROMB CCL,Hartmann GA 1998,101 CCL,7,15:39,17:11,22827,JAN
RST ROMB CCL,Hartmann GA 1998,101 CCL,8,14:04,16:22,22523,JAN
RST ROMB CCL,Hartmann GA 1998,104 CCL,5,16:14,17:04,22776,JAN
RST ROMB CCL,Hartmann GA 1998,102 CCL,7,14:53,16:33,22222,JAN
RST ROMB CCL,Hartmann GA 1998,102 CCL,7,16:48,17:30,22504,JAN
RST ROMB CCL,Hartmann GA 1998,105 CCL,5,10:21,13:56,22899,JAN
RST ROMB CCL,Hartmann GA 1998,105 CCL,5,14:11,14:57,22783,JAN
RST ROMB CCL,Hartmann GA 1998,104 CCL,5,17:19,18:04,23142,JAN
RST ROMB CCL,Hartmann GA 1998,103 CCL,3,18:31,18:59,22671,JAN
RST ROMB CCL,Hartmann GA 1998,101 CCL,7,17:26,18:46,22823,JAN
RST ROMB CCL,Hartmann GA 1998,105 CCL,5,15:12,16:07,22176,JAN
RST ROMB CCL,Hartmann GA 1998,105 CCL,5,16:22,17:23,22236,JAN
RST ROMB CCL,Hartmann GA 1998,105 CCL,5,17:38,18:37,22829,JAN
RST ROMB CCL,Hartmann GA 1998,107 CCL,5,07:00,08:31,22292,JAN
RST ROMB CCL,Hartmann GA 1998,107 CCL,5,08:46,10:49,22803,JAN
RST ROMB CCL,Hartmann GA 1998,107 CCL,5,11:04,12:13,22825,JAN
RST ROMB CCL,Hartmann GA 1998,102 CCL,9,07:00,12:23,22537,JAN
RST ROMB CCL,Hartmann GA 1998,101 CCL,8,16:37,17:14,22981,JAN
RST ROMB CCL,Hartmann GA 1998,107 CCL,5,12:28,13:35,22477,JAN
RST ROMB CCL,Hartmann GA 1998,101 CCL,9,07:00,08:50,22844,JAN
RST ROMB CCL,Hartmann GA 1998,107 CCL,5,13:50,14:41,22898,JAN
RST ROMB CCL,Hartmann GA 1998,101 CCL,8,17:29,18:52,22461,JAN
RST ROMB CCL,Hartmann GA 1998,101 CCL,9,09:05,10:11,22168,JAN
RST ROMB CCL,Hartmann GA 1998,102 CCL,7,17:45,18:41,22471,JAN
RST ROMB CCL,Hartmann GA 1998,107 CCL,5,14:56,15:55,22895,JAN
RST ROMB CCL,Hartmann GA 1998,102 CCL,8,07:00,08:45,22510,JAN
RST ROMB CCL,Hartmann GA 1998,101 CCL,9,10:26,11:26,23008,JAN
RST ROMB CCL,Hartmann GA 1998,107 CCL,5,16:10,17:29,22979,JAN
RST ROMB CCL,Hartmann GA 1998,101 CCL,9,11:41,14:36,22710,JAN
RST ROMB CCL,Hartmann GA 1998,107 CCL,5,17:44,18:30,23056,JAN
RST ROMB CCL,Hartmann GA 1998,102 CCL,8,09:00,09:54,22680,JAN
RST ROMB CCL,Hartmann GA 1998,101 CCL,9,14:51,16:51,22540,JAN
RST ROMB CCL,Hartmann GA 1998,108 CCL,5,07:00,07:45,22285,JAN
RST ROMB CCL,Hartmann GA 1998,102 CCL,9,12:38,13:09,22774,JAN
RST ROMB CCL,Hartmann GA 1998,101 CCL,9,17:06,18:17,22393,JAN
RST ROMB CCL,Hartmann GA 1998,103 CCL,6,07:00,08:08,22332,JAN
RST ROMB CCL,Hartmann GA 1998,101 CCL,10,07:00,08:42,23011,JAN
RST ROMB CCL,Hartmann GA 1998,102 CCL,8,10:09,11:48,23063,JAN
RST ROMB CCL,Hartmann GA 1998,108 CCL,5,08:00,09:03,22587,JAN
RST ROMB CCL,Hartmann GA 1998,101 CCL,10,08:57,10:29,23010,JAN
RST ROMB CCL,Hartmann GA 1998,103 CCL,6,08:23,09:40,22407,JAN
RST ROMB CCL,Hartmann GA 1998,108 CCL,5,09:18,10:19,22723,JAN
RST ROMB CCL,Hartmann GA 1998,104 CCL,6,07:00,08:08,22757,JAN
RST ROMB CCL,Hartmann GA 1998,103 CCL,6,09:55,10:41,22618,JAN
RST ROMB CCL,Hartmann GA 1998,104 CCL,5,18:19,18:55,22535,JAN
RST ROMB CCL,Hartmann GA 1998,103 CCL,6,10:56,12:33,22975,JAN
RST ROMB CCL,Hartmann GA 1998,101 CCL,10,10:44,12:08,23007,JAN
RST ROMB CCL,Hartmann GA 1998,102 CCL,8,12:03,12:44,23105,JAN
RST ROMB CCL,Hartmann GA 1998,108 CCL,5,10:34,11:52,22700,JAN
RST ROMB CCL,Hartmann GA 1998,108 CCL,5,12:07,13:08,22564,JAN
RST ROMB CCL,Hartmann GA 1998,108 CCL,5,13:23,15:47,22226,JAN
RST ROMB CCL,Hartmann GA 1998,101 CCL,10,12:23,14:32,23125,JAN
RST ROMB CCL,Hartmann GA 1998,103 CCL,6,12:48,14:00,22908,JAN
RST ROMB CCL,Hartmann GA 1998,103 CCL,6,14:15,15:27,22625,JAN
RST ROMB CCL,Hartmann GA 1998,108 CCL,5,16:02,17:14,22835,JAN
RST ROMB CCL,Hartmann GA 1998,101 CCL,10,14:47,15:32,22350,JAN
RST ROMB CCL,Hartmann GA 1998,103 CCL,6,15:42,18:10,22781,JAN
RST ROMB CCL,Hartmann GA 1998,104 CCL,6,08:23,10:09,23106,JAN
RST ROMB CCL,Hartmann GA 1998,104 CCL,6,10:24,11:06,22605,JAN
RST ROMB CCL,Hartmann GA 1998,101 CCL,10,15:47,16:59,22861,JAN
RST ROMB CCL,Hartmann GA 1998,104 CCL,6,11:21,12:39,22708,JAN
RST ROMB CCL,Hartmann GA 1998,102 CCL,8,12:59,13:37,22681,JAN
RST ROMB CCL,Hartmann GA 1998,104 CCL,6,12:54,14:37,22198,JAN
RST ROMB CCL,Hartmann GA 1998,102 CCL,8,13:52,16:26,22645,JAN
RST ROMB CCL,Hartmann GA 1998,104 CCL,6,14:52,18:18,22826,JAN
RST ROMB CCL,Hartmann GA 1998,101 CCL,10,17:14,18:02,23043,JAN
RST ROMB CCL,Hartmann GA 1998,101 CCL,11,07:00,09:06,22616,JAN
RST ROMB CCL,Hartmann GA 1998,103 CCL,7,07:00,08:38,22602,JAN
RST ROMB CCL,Hartmann GA 1998,108 CCL,5,17:29,18:10,22571,JAN
RST ROMB CCL,Hartmann GA 1998,105 CCL,6,07:00,08:06,22959,JAN
RST ROMB CCL,Hartmann GA 1998,101 CCL,11,09:21,10:22,22368,JAN
RST ROMB CCL,Hartmann GA 1998,105 CCL,6,08:21,10:15,23091,JAN
RST ROMB CCL,Hartmann GA 1998,103 CCL,7,08:53,10:17,23084,JAN
RST ROMB CCL,Hartmann GA 1998,105 CCL,6,10:30,11:27,22924,JAN
RST ROMB CCL,Hartmann GA 1998,105 CCL,6,11:42,12:26,22727,JAN
RST ROMB CCL,Hartmann GA 1998,101 CCL,11,10:37,12:32,22474,JAN
RST ROMB CCL,Hartmann GA 1998,105 CCL,6,12:41,15:33,22819,JAN
RST ROMB CCL,Hartmann GA 1998,101 CCL,11,12:47,14:00,22396,JAN
RST ROMB CCL,Hartmann GA 1998,105 CCL,6,15:48,16:56,23027,JAN
RST ROMB CCL,Hartmann GA 1998,105 CCL,6,17:11,18:03,22960,JAN
RST ROMB CCL,Hartmann GA 1998,103 CCL,6,18:25,19:00,22221,JAN
RST ROMB CCL,Hartmann GA 1998,107 CCL,6,07:00,07:57,22173,JAN
RST ROMB CCL,Hartmann GA 1998,103 CCL,7,10:32,11:08,22639,JAN
RST ROMB CCL,Hartmann GA 1998,103 CCL,7,11:23,12:55,22601,JAN
RST ROMB CCL,Hartmann GA 1998,102 CCL,8,16:41,17:47,22243,JAN
RST ROMB CCL,Hartmann GA 1998,101 CCL,11,14:15,17:05,22636,JAN
RST ROMB CCL,Hartmann GA 1998,103 CCL,7,13:10,14:59,22580,JAN
RST ROMB CCL,Hartmann GA 1998,107 CCL,6,08:12,09:11,22739,JAN
RST ROMB CCL,Hartmann GA 1998,101 CCL,11,17:20,18:04,22563,JAN
RST ROMB CCL,Hartmann GA 1998,102 CCL,9,13:24,17:18,22646,JAN
RST ROMB CCL,Hartmann GA 1998,107 CCL,6,09:26,10:31,22644,JAN
RST ROMB CCL,Hartmann GA 1998,101 CCL,10,18:17,18:52,22435,JAN
RST ROMB CCL,Hartmann GA 1998,108 CCL,5,18:25,18:57,22682,JAN
RST ROMB CCL,Hartmann GA 1998,107 CCL,6,10:46,11:51,22355,JAN
RST ROMB CCL,Hartmann GA 1998,103 CCL,7,15:14,17:36,22455,JAN
RST ROMB CCL,Hartmann GA 1998,108 CCL,6,07:00,08:12,22384,JAN
RST ROMB CCL,Hartmann GA 1998,107 CCL,6,12:06,13:34,22689,JAN
RST ROMB CCL,Hartmann GA 1998,107 CCL,6,13:49,15:47,22868,JAN
RST ROMB CCL,Hartmann GA 1998,108 CCL,6,08:27,10:25,22588,JAN
RST ROMB CCL,Hartmann GA 1998,107 CCL,6,16:02,17:18,22398,JAN
RST ROMB CCL,Hartmann GA 1998,103 CCL,7,17:51,18:35,22976,JAN
RST ROMB CCL,Hartmann GA 1998,105 CCL,6,18:18,18:52,22635,JAN
RST ROMB CCL,Hartmann GA 1998,107 CCL,6,17:33,18:10,22854,JAN
RST ROMB CCL,Hartmann GA 1998,102 CCL,8,18:02,18:53,22643,JAN
RST ROMB CCL,Hartmann GA 1998,108 CCL,6,10:40,12:37,22248,JAN
RST ROMB CCL,Hartmann GA 1998,108 CCL,6,12:52,14:22,22267,JAN
RST ROMB CCL,Hartmann GA 1998,101 CCL,12,07:00,09:05,22624,JAN
RST ROMB CCL,Hartmann GA 1998,101 CCL,12,09:20,11:20,22255,JAN
RST ROMB CCL,Hartmann GA 1998,104 CCL,7,07:00,07:55,22249,JAN
RST ROMB CCL,Hartmann GA 1998,102 CCL,10,07:00,10:24,22919,JAN
RST ROMB CCL,Hartmann GA 1998,104 CCL,7,08:10,09:07,22716,JAN
RST ROMB CCL,Hartmann GA 1998,108 CCL,6,14:37,15:31,22375,JAN
RST ROMB CCL,Hartmann GA 1998,104 CCL,7,09:22,10:50,22383,JAN
RST ROMB CCL,Hartmann GA 1998,101 CCL,12,11:35,13:13,22326,JAN
RST ROMB CCL,Hartmann GA 1998,108 CCL,6,15:46,16:38,23040,JAN
RST ROMB CCL,Hartmann GA 1998,102 CCL,9,17:33,18:25,22654,JAN
RST ROMB CCL,Hartmann GA 1998,104 CCL,7,11:05,12:09,22599,JAN
RST ROMB CCL,Hartmann GA 1998,101 CCL,12,13:28,15:44,22561,JAN
RST ROMB CCL,Hartmann GA 1998,104 CCL,7,12:24,13:42,23038,JAN
RST ROMB CCL,Hartmann GA 1998,102 CCL,10,10:39,12:26,22360,JAN
RST ROMB CCL,Hartmann GA 1998,103 CCL,8,07:00,08:20,22208,JAN
RST ROMB CCL,Hartmann GA 1998,108 CCL,6,16:53,17:36,22753,JAN
RST ROMB CCL,Hartmann GA 1998,101 CCL,12,15:59,18:16,23114,JAN
RST ROMB CCL,Hartmann GA 1998,104 CCL,7,13:57,18:03,22993,JAN
RST ROMB CCL,Hartmann GA 1998,101 CCL,11,18:19,19:00,22200,JAN
RST ROMB CCL,Hartmann GA 1998,105 CCL,7,07:00,08:54,23110,JAN
RST ROMB CCL,Hartmann GA 1998,105 CCL,7,09:09,11:24,22425,JAN
RST ROMB CCL,Hartmann GA 1998,108 CCL,6,17:51,18:51,22265,JAN
RST ROMB CCL,Hartmann GA 1998,103 CCL,8,08:35,10:14,22369,JAN
RST ROMB CCL,Hartmann GA 1998,102 CCL,10,12:41,13:20,22289,JAN
RST ROMB CCL,Hartmann GA 1998,101 CCL,13,07:00,08:23,23035,JAN
RST ROMB CCL,Hartmann GA 1998,101 CCL,13,08:38,10:08,22496,JAN
RST ROMB CCL,Hartmann GA 1998,103 CCL,8,10:29,11:58,22996,JAN
RST ROMB CCL,Hartmann GA 1998,107 CCL,7,07:00,08:39,22938,JAN
RST ROMB CCL,Hartmann GA 1998,104 CCL,7,18:18,18:54,22907,JAN
RST ROMB CCL,Hartmann GA 1998,101 CCL,13,10:23,11:10,22280,JAN
RST ROMB CCL,Hartmann GA 1998,105 CCL,7,11:39,13:38,22196,JAN
RST ROMB CCL,Hartmann GA 1998,105 CCL,7,13:53,14:45,22661,JAN
RST ROMB CCL,Hartmann GA 1998,105 CCL,7,15:00,15:42,22390,JAN
RST ROMB CCL,Hartmann GA 1998,105 CCL,7,15:57,16:54,22956,JAN
RST ROMB CCL,Hartmann GA 1998,103 CCL,8,12:13,12:50,22630,JAN
RST ROMB CCL,Hartmann GA 1998,105 CCL,7,17:09,18:00,22331,JAN
RST ROMB CCL,Hartmann GA 1998,102 CCL,10,13:35,16:11,22859,JAN
RST ROMB CCL,Hartmann GA 1998,107 CCL,7,08:54,09:33,22857,JAN
RST ROMB CCL,Hartmann GA 1998,102 CCL,11,07:00,10:48,22283,JAN
RST ROMB CCL,Hartmann GA 1998,101 CCL,13,11:25,14:20,22768,JAN
RST ROMB CCL,Hartmann GA 1998,103 CCL,8,13:05,14:01,22508,JAN
RST ROMB CCL,Hartmann GA 1998,107 CCL,7,09:48,11:42,23059,JAN
RST ROMB CCL,Hartmann GA 1998,101 CCL,13,14:35,15:53,23120,JAN
RST ROMB CCL,Hartmann GA 1998,101 CCL,13,16:08,18:17,22796,JAN
RST ROMB CCL,Hartmann GA 1998,101 CCL,14,07:00,07:55,22718,JAN
RST ROMB CCL,Hartmann GA 1998,107 CCL,7,11:57,13:10,22740,JAN
RST ROMB CCL,Hartmann GA 1998,102 CCL,10,16:26,18:21,22304,JAN
RST ROMB CCL,Hartmann GA 1998,108 CCL,7,07:00,08:29,22632,JAN
RST ROMB CCL,Hartmann GA 1998,107 CCL,7,13:25,14:59,22431,JAN
RST ROMB CCL,Hartmann GA 1998,102 CCL,11,11:03,11:54,22260,JAN
RST ROMB CCL,Hartmann GA 1998,107 CCL,7,15:14,16:00,22570,JAN
RST ROMB CCL,Hartmann GA 1998,102 CCL,11,12:09,13:08,22906,JAN
RST ROMB CCL,Hartmann GA 1998,107 CCL,7,16:15,18:06,22300,JAN
RST ROMB CCL,Hartmann GA 1998,108 CCL,7,08:44,10:00,22728,JAN
RST ROMB CCL,Hartmann GA 1998,101 CCL,14,08:10,08:56,22382,JAN
RST ROMB CCL,Hartmann GA 1998,101 CCL,14,09:11,10:39,22566,JAN
RST ROMB CCL,Hartmann GA 1998,103 CCL,8,14:16,16:03,23124,JAN
RST ROMB CCL,Hartmann GA 1998,105 CCL,7,18:15,18:53,22707,JAN
RST ROMB CCL,Hartmann GA 1998,108 CCL,7,10:15,11:48,22403,JAN
RST ROMB CCL,Hartmann GA 1998,101 CCL,14,10:54,12:27,22958,JAN
RST ROMB CCL,Hartmann GA 1998,108 CCL,7,12:03,14:28,22223,JAN
RST ROMB CCL,Hartmann GA 1998,101 CCL,14,12:42,13:28,22256,JAN
RST ROMB CCL,Hartmann GA 1998,102 CCL,11,13:23,14:12,22499,JAN
RST ROMB CCL,Hartmann GA 1998,108 CCL,7,14:43,16:23,22664,JAN
RST ROMB CCL,Hartmann GA 1998,104 CCL,8,07:00,08:45,22873,JAN
RST ROMB CCL,Hartmann GA 1998,101 CCL,14,13:43,14:56,22480,JAN
RST ROMB CCL,Hartmann GA 1998,101 CCL,14,15:11,16:05,22234,JAN
RST ROMB CCL,Hartmann GA 1998,107 CCL,6,18:25,18:53,22324,JAN
RST ROMB CCL,Hartmann GA 1998,108 CCL,7,16:38,17:27,23102,JAN
RST ROMB CCL,Hartmann GA 1998,108 CCL,7,17:42,18:56,22900,JAN
RST ROMB CCL,Hartmann GA 1998,101 CCL,14,16:20,17:18,22453,JAN
RST ROMB CCL,Hartmann GA 1998,103 CCL,8,16:18,18:19,23046,JAN
RST ROMB CCL,Hartmann GA 1998,104 CCL,8,09:00,11:13,22472,JAN
RST ROMB CCL,Hartmann GA 1998,101 CCL,15,07:00,08:54,22497,JAN
RST ROMB CCL,Hartmann GA 1998,102 CCL,11,14:27,15:21,22912,JAN
RST ROMB CCL,Hartmann GA 1998,104 CCL,8,11:28,13:00,22426,JAN
RST ROMB CCL,Hartmann GA 1998,104 CCL,8,13:15,14:27,22813,JAN
RST ROMB CCL,Hartmann GA 1998,104 CCL,8,14:42,16:44,22812,JAN
RST ROMB CCL,Hartmann GA 1998,105 CCL,8,07:00,08:33,22524,JAN
RST ROMB CCL,Hartmann GA 1998,101 CCL,14,17:33,18:42,22600,JAN
RST ROMB CCL,Hartmann GA 1998,105 CCL,8,08:48,10:11,22915,JAN
RST ROMB CCL,Hartmann GA 1998,102 CCL,11,15:36,17:09,22473,JAN
RST ROMB CCL,Hartmann GA 1998,105 CCL,8,10:26,11:22,22438,JAN
RST ROMB CCL,Hartmann GA 1998,104 CCL,8,16:59,18:01,23022,JAN
RST ROMB CCL,Hartmann GA 1998,105 CCL,8,11:37,13:11,22715,JAN
RST ROMB CCL,Hartmann GA 1998,105 CCL,8,13:26,14:31,22940,JAN
RST ROMB CCL,Hartmann GA 1998,105 CCL,8,14:46,15:44,22909,JAN
RST ROMB CCL,Hartmann GA 1998,101 CCL,15,09:09,10:16,22252,JAN
RST ROMB CCL,Hartmann GA 1998,101 CCL,15,10:31,11:24,22631,JAN
RST ROMB CCL,Hartmann GA 1998,107 CCL,8,07:00,10:39,22843,JAN
RST ROMB CCL,Hartmann GA 1998,103 CCL,9,07:00,07:53,23132,JAN
RST ROMB CCL,Hartmann GA 1998,101 CCL,15,11:39,13:17,22742,JAN
RST ROMB CCL,Hartmann GA 1998,101 CCL,15,13:32,14:20,22254,JAN
RST ROMB CCL,Hartmann GA 1998,101 CCL,15,14:35,16:14,22954,JAN
RST ROMB CCL,Hartmann GA 1998,105 CCL,8,15:59,18:25,22565,JAN
RST ROMB CCL,Hartmann GA 1998,103 CCL,9,08:08,08:52,22421,JAN
RST ROMB CCL,Hartmann GA 1998,103 CCL,9,09:07,11:18,22800,JAN
RST ROMB CCL,Hartmann GA 1998,103 CCL,9,11:33,13:22,23081,JAN
RST ROMB CCL,Hartmann GA 1998,107 CCL,8,10:54,11:52,22780,JAN
RST ROMB CCL,Hartmann GA 1998,108 CCL,8,07:00,08:38,22770,JAN
RST ROMB CCL,Hartmann GA 1998,107 CCL,7,18:21,18:52,22193,JAN
RST ROMB CCL,Hartmann GA 1998,107 CCL,8,12:07,17:25,22452,JAN
RST ROMB CCL,Hartmann GA 1998,107 CCL,8,17:40,18:25,23071,JAN
RST ROMB CCL,Hartmann GA 1998,102 CCL,11,17:24,18:14,22414,JAN
RST ROMB CCL,Hartmann GA 1998,104 CCL,8,18:16,18:51,22362,JAN
RST ROMB CCL,Hartmann GA 1998,101 CCL,15,16:29,17:36,22555,JAN
RST ROMB CCL,Hartmann GA 1998,102 CCL,12,07:00,07:33,22779,JAN
RST ROMB CCL,Hartmann GA 1998,108 CCL,8,08:53,10:04,22373,JAN
RST ROMB CCL,Hartmann GA 1998,103 CCL,9,13:37,18:24,22804,JAN
RST ROMB CCL,Hartmann GA 1998,101 CCL,15,17:51,18:23,22946,JAN
RST ROMB CCL,Hartmann GA 1998,102 CCL,12,07:48,10:38,22788,JAN
RST ROMB CCL,Hartmann GA 1998,108 CCL,8,10:19,11:00,22569,JAN
RST ROMB CCL,Hartmann GA 1998,108 CCL,8,11:15,12:24,23012,JAN
RST ROMB CCL,Hartmann GA 1998,108 CCL,8,12:39,16:54,22387,JAN
RST ROMB CCL,Hartmann GA 1998,104 CCL,9,07:00,09:29,22623,JAN
RST ROMB CCL,Hartmann GA 1998,108 CCL,8,17:09,18:03,22488,JAN
RST ROMB CCL,Hartmann GA 1998,104 CCL,9,09:44,10:28,22963,JAN
RST ROMB CCL,Hartmann GA 1998,104 CCL,9,10:43,12:10,22394,JAN
RST ROMB CCL,Hartmann GA 1998,104 CCL,9,12:25,16:52,22712,JAN
RST ROMB CCL,Hartmann GA 1998,104 CCL,9,17:07,18:08,22296,JAN
RST ROMB CCL,Hartmann GA 1998,103 CCL,10,07:00,10:07,22871,JAN
RST ROMB CCL,Hartmann GA 1998,105 CCL,9,07:00,08:07,22505,JAN
RST ROMB CCL,Hartmann GA 1998,107 CCL,9,07:00,07:42,22400,JAN
RST ROMB CCL,Hartmann GA 1998,101 CCL,16,07:00,08:06,23039,JAN
RST ROMB CCL,Hartmann GA 1998,101 CCL,16,08:21,09:54,22433,JAN
RST ROMB CCL,Hartmann GA 1998,105 CCL,9,08:22,09:38,22775,JAN
RST ROMB CCL,Hartmann GA 1998,101 CCL,16,10:09,11:37,22386,JAN
RST ROMB CCL,Hartmann GA 1998,108 CCL,9,07:00,08:36,22801,JAN
RST ROMB CCL,Hartmann GA 1998,108 CCL,8,18:18,19:00,22902,JAN
RST ROMB CCL,Hartmann GA 1998,105 CCL,9,09:53,11:52,22974,JAN
RST ROMB CCL,Hartmann GA 1998,107 CCL,9,07:57,09:39,22945,JAN
RST ROMB CCL,Hartmann GA 1998,105 CCL,9,12:07,14:21,22943,JAN
RST ROMB CCL,Hartmann GA 1998,105 CCL,9,14:36,16:17,23013,JAN
RST ROMB CCL,Hartmann GA 1998,107 CCL,9,09:54,10:50,22500,JAN
RST ROMB CCL,Hartmann GA 1998,104 CCL,9,18:23,19:00,23036,JAN
RST ROMB CCL,Hartmann GA 1998,105 CCL,9,16:32,17:33,22538,JAN
RST ROMB CCL,Hartmann GA 1998,102 CCL,12,10:53,11:36,22545,JAN
RST ROMB CCL,Hartmann GA 1998,101 CCL,16,11:52,13:15,22450,JAN
RST ROMB CCL,Hartmann GA 1998,105 CCL,9,17:48,18:32,22852,JAN
RST ROMB CCL,Hartmann GA 1998,107 CCL,9,11:05,12:15,23047,JAN
RST ROMB CCL,Hartmann GA 1998,107 CCL,9,12:30,13:10,22879,JAN
RST ROMB CCL,Hartmann GA 1998,107 CCL,9,13:25,14:28,22695,JAN
RST ROMB CCL,Hartmann GA 1998,102 CCL,13,07:00,09:58,22361,JAN
RST ROMB CCL,Hartmann GA 1998,107 CCL,9,14:43,16:32,22594,JAN
RST ROMB CCL,Hartmann GA 1998,107 CCL,9,16:47,18:34,22771,JAN
RST ROMB CCL,Hartmann GA 1998,108 CCL,9,08:51,09:53,22290,JAN
RST ROMB CCL,Hartmann GA 1998,102 CCL,13,10:13,12:07,23072,JAN
RST ROMB CCL,Hartmann GA 1998,101 CCL,16,13:30,14:45,22278,JAN
RST ROMB CCL,Hartmann GA 1998,108 CCL,9,10:08,11:21,22773,JAN
RST ROMB CCL,Hartmann GA 1998,103 CCL,10,10:22,12:01,22456,JAN
RST ROMB CCL,Hartmann GA 1998,108 CCL,9,11:36,13:00,22589,JAN
RST ROMB CCL,Hartmann GA 1998,108 CCL,9,13:15,14:08,22665,JAN
RST ROMB CCL,Hartmann GA 1998,108 CCL,9,14:23,14:54,23082,JAN
RST ROMB CCL,Hartmann GA 1998,103 CCL,10,12:16,13:39,22282,JAN
RST ROMB CCL,Hartmann GA 1998,101 CCL,16,15:00,15:45,22376,JAN
RST ROMB CCL,Hartmann GA 1998,102 CCL,12,11:51,12:45,22447,JAN
RST ROMB CCL,Hartmann GA 1998,108 CCL,9,15:09,16:38,22608,JAN
RST ROMB CCL,Hartmann GA 1998,103 CCL,10,13:54,15:38,23041,JAN
RST ROMB CCL,Hartmann GA 1998,101 CCL,16,16:00,18:10,22791,JAN
RST ROMB CCL,Hartmann GA 1998,108 CCL,9,16:53,18:45,22392,JAN
RST ROMB CCL,Hartmann GA 1998,101 CCL,17,07:00,09:48,22318,JAN
RST ROMB CCL,Hartmann GA 1998,103 CCL,10,15:53,17:26,22277,JAN
RST ROMB CCL,Hartmann GA 1998,104 CCL,10,07:00,08:22,22982,JAN
RST ROMB CCL,Hartmann GA 1998,103 CCL,10,17:41,18:49,22550,JAN
RST ROMB CCL,Hartmann GA 1998,104 CCL,10,08:37,09:22,22532,JAN
RST ROMB CCL,Hartmann GA 1998,104 CCL,10,09:37,11:05,22598,JAN
RST ROMB CCL,Hartmann GA 1998,104 CCL,10,11:20,12:53,23065,JAN
RST ROMB CCL,Hartmann GA 1998,104 CCL,10,13:08,13:43,22662,JAN
RST ROMB CCL,Hartmann GA 1998,104 CCL,10,13:58,15:03,22294,JAN
RST ROMB CCL,Hartmann GA 1998,104 CCL,10,15:18,17:21,22765,JAN
RST ROMB CCL,Hartmann GA 1998,104 CCL,10,17:36,18:41,23137,JAN
RST ROMB CCL,Hartmann GA 1998,105 CCL,10,07:00,07:44,23108,JAN
RST ROMB CCL,Hartmann GA 1998,105 CCL,4,18:33,18:57,22320,JAN
RST ROMB CCL,Hartmann GA 1998,105 CCL,10,07:59,10:01,22962,JAN
RST ROMB CCL,Hartmann GA 1998,107 CCL,10,07:00,09:01,23089,JAN
RST ROMB CCL,Hartmann GA 1998,102 CCL,11,18:29,18:59,22199,JAN
RST ROMB CCL,Hartmann GA 1998,105 CCL,10,10:16,12:44,22439,JAN
RST ROMB CCL,Hartmann GA 1998,105 CCL,10,12:59,14:52,22805,JAN
RST ROMB CCL,Hartmann GA 1998,101 CCL,17,10:03,10:48,23001,JAN
RST ROMB CCL,Hartmann GA 1998,101 CCL,17,11:03,12:00,22342,JAN
RST ROMB CCL,Hartmann GA 1998,102 CCL,12,13:00,16:11,22977,JAN
RST ROMB CCL,Hartmann GA 1998,105 CCL,10,15:07,15:45,23060,JAN
RST ROMB CCL,Hartmann GA 1998,105 CCL,10,16:00,16:34,23085,JAN
RST ROMB CCL,Hartmann GA 1998,101 CCL,17,12:15,13:12,22227,JAN
RST ROMB CCL,Hartmann GA 1998,101 CCL,17,13:27,14:22,22925,JAN
RST ROMB CCL,Hartmann GA 1998,105 CCL,10,16:49,18:18,22313,JAN
RST ROMB CCL,Hartmann GA 1998,101 CCL,17,14:37,16:06,22790,JAN
RST ROMB CCL,Hartmann GA 1998,101 CCL,17,16:21,18:17,22345,JAN
RST ROMB CCL,Hartmann GA 1998,107 CCL,10,09:16,10:29,22867,JAN
RST ROMB CCL,Hartmann GA 1998,101 CCL,18,07:00,08:35,22210,JAN
RST ROMB CCL,Hartmann GA 1998,102 CCL,12,16:26,18:08,22698,JAN
RST ROMB CCL,Hartmann GA 1998,101 CCL,18,08:50,10:00,22557,JAN
RST ROMB CCL,Hartmann GA 1998,107 CCL,10,10:44,11:59,22850,JAN
RST ROMB CCL,Hartmann GA 1998,107 CCL,10,12:14,13:38,22174,JAN
RST ROMB CCL,Hartmann GA 1998,101 CCL,9,18:32,18:59,22725,JAN
RST ROMB CCL,Hartmann GA 1998,107 CCL,10,13:53,15:36,22860,JAN
RST ROMB CCL,Hartmann GA 1998,107 CCL,10,15:51,17:44,22462,JAN
RST ROMB CCL,Hartmann GA 1998,108 CCL,10,07:00,09:31,22487,JAN
RST ROMB CCL,Hartmann GA 1998,102 CCL,14,07:00,09:37,22735,JAN
RST ROMB CCL,Hartmann GA 1998,103 CCL,11,07:00,09:06,22970,JAN
RST ROMB CCL,Hartmann GA 1998,101 CCL,18,10:15,12:40,22651,JAN
RST ROMB CCL,Hartmann GA 1998,103 CCL,13,07:00,09:25,22592,JAN
RST ROMB CCL,Hartmann GA 1998,107 CCL,10,17:59,18:55,22202,JAN
RST ROMB CCL,Hartmann GA 1998,101 CCL,18,12:55,14:47,22660,JAN
RST ROMB CCL,Hartmann GA 1998,101 CCL,18,15:02,16:19,22746,JAN
RST ROMB CCL,Hartmann GA 1998,108 CCL,10,09:46,11:39,22470,JAN
RST ROMB CCL,Hartmann GA 1998,102 CCL,14,09:52,11:31,22306,JAN
RST ROMB CCL,Hartmann GA 1998,108 CCL,10,11:54,13:00,22683,JAN
RST ROMB CCL,Hartmann GA 1998,103 CCL,11,09:21,10:04,22366,JAN
RST ROMB CCL,Hartmann GA 1998,102 CCL,13,12:22,14:02,22184,JAN
RST ROMB CCL,Hartmann GA 1998,103 CCL,11,10:19,12:51,23044,JAN
RST ROMB CCL,Hartmann GA 1998,103 CCL,11,13:06,14:09,22755,JAN
RST ROMB CCL,Hartmann GA 1998,103 CCL,11,14:24,15:15,22572,JAN
RST ROMB CCL,Hartmann GA 1998,102 CCL,13,14:17,18:20,22610,JAN
RST ROMB CCL,Hartmann GA 1998,104 CCL,11,07:00,13:10,22752,JAN
RST ROMB CCL,Hartmann GA 1998,102 CCL,14,11:46,12:57,22458,JAN
RST ROMB CCL,Hartmann GA 1998,108 CCL,10,13:15,14:33,23087,JAN
RST ROMB CCL,Hartmann GA 1998,108 CCL,10,14:48,15:47,22189,JAN
RST ROMB CCL,Hartmann GA 1998,101 CCL,18,16:34,17:12,23037,JAN
RST ROMB CCL,Hartmann GA 1998,102 CCL,12,18:23,18:56,22551,JAN
RST ROMB CCL,Hartmann GA 1998,101 CCL,18,17:27,18:51,22274,JAN
RST ROMB CCL,Hartmann GA 1998,103 CCL,11,15:30,16:32,22675,JAN
RST ROMB CCL,Hartmann GA 1998,104 CCL,11,13:25,17:11,22347,JAN
RST ROMB CCL,Hartmann GA 1998,108 CCL,10,16:02,17:35,22615,JAN
RST ROMB CCL,Hartmann GA 1998,101 CCL,16,18:25,18:55,22295,JAN
RST ROMB CCL,Hartmann GA 1998,103 CCL,11,16:47,18:10,22483,JAN
RST ROMB CCL,Hartmann GA 1998,104 CCL,11,17:26,18:18,22961,JAN
RST ROMB CCL,Hartmann GA 1998,108 CCL,10,17:50,18:40,23130,JAN
RST ROMB CCL,Hartmann GA 1998,101 CCL,19,07:00,08:27,22459,JAN
RST ROMB CCL,Hartmann GA 1998,105 CCL,11,07:00,08:13,22949,JAN
RST ROMB CCL,Hartmann GA 1998,105 CCL,11,08:28,09:30,22692,JAN
RST ROMB CCL,Hartmann GA 1998,102 CCL,16,07:00,09:30,22806,JAN
RST ROMB CCL,Hartmann GA 1998,102 CCL,14,13:12,15:39,22756,JAN
RST ROMB CCL,Hartmann GA 1998,102 CCL,14,15:54,18:56,22492,JAN
RST ROMB CCL,Hartmann GA 1998,107 CCL,11,07:00,08:25,22834,JAN
RST ROMB CCL,Hartmann GA 1998,105 CCL,11,09:45,10:49,22874,JAN
RST ROMB CCL,Hartmann GA 1998,102 CCL,15,07:00,08:55,22268,JAN
RST ROMB CCL,Hartmann GA 1998,107 CCL,11,08:40,09:35,22372,JAN
RST ROMB CCL,Hartmann GA 1998,105 CCL,11,11:04,12:32,22429,JAN
RST ROMB CCL,Hartmann GA 1998,105 CCL,11,12:47,14:11,22215,JAN
RST ROMB CCL,Hartmann GA 1998,105 CCL,11,14:26,15:05,22272,JAN
RST ROMB CCL,Hartmann GA 1998,101 CCL,19,08:42,09:42,22921,JAN
RST ROMB CCL,Hartmann GA 1998,105 CCL,11,15:20,16:55,22832,JAN
RST ROMB CCL,Hartmann GA 1998,103 CCL,12,07:00,09:24,22489,JAN
RST ROMB CCL,Hartmann GA 1998,105 CCL,11,17:10,18:15,22258,JAN
RST ROMB CCL,Hartmann GA 1998,101 CCL,12,18:31,18:57,22872,JAN
RST ROMB CCL,Hartmann GA 1998,103 CCL,12,09:39,12:36,22905,JAN
RST ROMB CCL,Hartmann GA 1998,101 CCL,19,09:57,12:29,22866,JAN
RST ROMB CCL,Hartmann GA 1998,103 CCL,12,12:51,14:29,22913,JAN
RST ROMB CCL,Hartmann GA 1998,108 CCL,11,07:00,08:00,22947,JAN
RST ROMB CCL,Hartmann GA 1998,103 CCL,12,14:44,15:39,22784,JAN
RST ROMB CCL,Hartmann GA 1998,107 CCL,11,09:50,12:24,22892,JAN
RST ROMB CCL,Hartmann GA 1998,101 CCL,19,12:44,13:26,22713,JAN
RST ROMB CCL,Hartmann GA 1998,101 CCL,19,13:41,14:17,22177,JAN
RST ROMB CCL,Hartmann GA 1998,102 CCL,15,09:10,11:18,22448,JAN
RST ROMB CCL,Hartmann GA 1998,102 CCL,15,11:33,12:38,22185,JAN
RST ROMB CCL,Hartmann GA 1998,107 CCL,11,12:39,14:13,22183,JAN
RST ROMB CCL,Hartmann GA 1998,103 CCL,12,15:54,17:26,22697,JAN
RST ROMB CCL,Hartmann GA 1998,107 CCL,11,14:28,15:22,22649,JAN
RST ROMB CCL,Hartmann GA 1998,107 CCL,11,15:37,16:35,22412,JAN
RST ROMB CCL,Hartmann GA 1998,107 CCL,11,16:50,17:42,22936,JAN
RST ROMB CCL,Hartmann GA 1998,108 CCL,11,08:15,09:26,22171,JAN
RST ROMB CCL,Hartmann GA 1998,101 CCL,19,14:32,16:40,22990,JAN
RST ROMB CCL,Hartmann GA 1998,103 CCL,13,09:40,11:21,22325,JAN
RST ROMB CCL,Hartmann GA 1998,104 CCL,6,18:33,18:58,22674,JAN
RST ROMB CCL,Hartmann GA 1998,103 CCL,12,17:41,18:23,22628,JAN
RST ROMB CCL,Hartmann GA 1998,104 CCL,12,07:00,09:06,23067,JAN
RST ROMB CCL,Hartmann GA 1998,108 CCL,11,09:41,12:28,22201,JAN
RST ROMB CCL,Hartmann GA 1998,108 CCL,11,12:43,16:53,22659,JAN
RST ROMB CCL,Hartmann GA 1998,105 CCL,12,07:00,09:07,22520,JAN
RST ROMB CCL,Hartmann GA 1998,101 CCL,19,16:55,18:04,22197,JAN
RST ROMB CCL,Hartmann GA 1998,101 CCL,20,07:00,08:23,22830,JAN
RST ROMB CCL,Hartmann GA 1998,102 CCL,15,12:53,16:56,22937,JAN
RST ROMB CCL,Hartmann GA 1998,104 CCL,12,09:21,11:06,22637,JAN
RST ROMB CCL,Hartmann GA 1998,101 CCL,20,08:38,10:42,22374,JAN
RST ROMB CCL,Hartmann GA 1998,102 CCL,16,09:45,13:39,22795,JAN
RST ROMB CCL,Hartmann GA 1998,101 CCL,20,10:57,11:42,22891,JAN
RST ROMB CCL,Hartmann GA 1998,108 CCL,11,17:08,18:28,22245,JAN
RST ROMB CCL,Hartmann GA 1998,107 CCL,11,17:57,18:43,23004,JAN
RST ROMB CCL,Hartmann GA 1998,102 CCL,16,13:54,16:15,22434,JAN
RST ROMB CCL,Hartmann GA 1998,103 CCL,11,18:25,18:53,22469,JAN
RST ROMB CCL,Hartmann GA 1998,101 CCL,20,11:57,14:50,22339,JAN
RST ROMB CCL,Hartmann GA 1998,104 CCL,12,11:21,12:47,22528,JAN
RST ROMB CCL,Hartmann GA 1998,104 CCL,12,13:02,13:31,22920,JAN
RST ROMB CCL,Hartmann GA 1998,104 CCL,12,13:46,15:30,22536,JAN
RST ROMB CCL,Hartmann GA 1998,104 CCL,12,15:45,16:27,22903,JAN
RST ROMB CCL,Hartmann GA 1998,104 CCL,12,16:42,17:36,22367,JAN
RST ROMB CCL,Hartmann GA 1998,101 CCL,19,18:19,18:51,23273,FEB
RST ROMB CCL,Hartmann GA 1998,101 CCL,20,15:05,15:54,23743,FEB
RST ROMB CCL,Hartmann GA 1998,102 CCL,15,17:11,18:00,23664,FEB
RST ROMB CCL,Hartmann GA 1998,102 CCL,15,18:15,18:47,23248,FEB
RST ROMB CCL,Hartmann GA 1998,102 CCL,16,16:30,17:38,23785,FEB
RST ROMB CCL,Hartmann GA 1998,105 CCL,12,09:22,10:46,23153,FEB
RST ROMB CCL,Hartmann GA 1998,105 CCL,12,11:01,13:05,23980,FEB
RST ROMB CCL,Hartmann GA 1998,101 CCL,20,16:09,17:53,23749,FEB
RST ROMB CCL,Hartmann GA 1998,105 CCL,12,13:20,14:55,23413,FEB
RST ROMB CCL,Hartmann GA 1998,105 CCL,12,15:10,17:22,23603,FEB
RST ROMB CCL,Hartmann GA 1998,101 CCL,20,18:08,18:49,23646,FEB
RST ROMB CCL,Hartmann GA 1998,102 CCL,17,07:00,07:37,23303,FEB
RST ROMB CCL,Hartmann GA 1998,104 CCL,12,17:51,18:39,23490,FEB
RST ROMB CCL,Hartmann GA 1998,101 CCL,21,07:00,07:39,23449,FEB
RST ROMB CCL,Hartmann GA 1998,107 CCL,12,07:00,08:00,24039,FEB
RST ROMB CCL,Hartmann GA 1998,105 CCL,12,17:37,18:48,23789,FEB
RST ROMB CCL,Hartmann GA 1998,102 CCL,17,07:52,09:04,23793,FEB
RST ROMB CCL,Hartmann GA 1998,102 CCL,17,09:19,12:27,24057,FEB
RST ROMB CCL,Hartmann GA 1998,107 CCL,12,08:15,08:59,23668,FEB
RST ROMB CCL,Hartmann GA 1998,107 CCL,12,09:14,10:11,23856,FEB
RST ROMB CCL,Hartmann GA 1998,107 CCL,12,10:26,10:57,23645,FEB
RST ROMB CCL,Hartmann GA 1998,105 CCL,11,18:30,19:00,23373,FEB
RST ROMB CCL,Hartmann GA 1998,107 CCL,12,11:12,12:00,24025,FEB
RST ROMB CCL,Hartmann GA 1998,107 CCL,12,12:15,14:32,23760,FEB
RST ROMB CCL,Hartmann GA 1998,107 CCL,12,14:47,17:46,24064,FEB
RST ROMB CCL,Hartmann GA 1998,108 CCL,12,07:00,11:35,23613,FEB
RST ROMB CCL,Hartmann GA 1998,108 CCL,12,11:50,13:56,23872,FEB
RST ROMB CCL,Hartmann GA 1998,103 CCL,13,11:36,12:36,23244,FEB
RST ROMB CCL,Hartmann GA 1998,102 CCL,17,12:42,13:39,23284,FEB
RST ROMB CCL,Hartmann GA 1998,101 CCL,21,07:54,08:38,23921,FEB
RST ROMB CCL,Hartmann GA 1998,107 CCL,12,18:01,18:35,24065,FEB
RST ROMB CCL,Hartmann GA 1998,102 CCL,17,13:54,15:46,23471,FEB
RST ROMB CCL,Hartmann GA 1998,108 CCL,12,14:11,16:10,23350,FEB
RST ROMB CCL,Hartmann GA 1998,102 CCL,17,16:01,17:45,23152,FEB
RST ROMB CCL,Hartmann GA 1998,104 CCL,13,07:00,10:10,23832,FEB
RST ROMB CCL,Hartmann GA 1998,102 CCL,16,17:53,18:44,23383,FEB
RST ROMB CCL,Hartmann GA 1998,101 CCL,21,08:53,10:01,23440,FEB
RST ROMB CCL,Hartmann GA 1998,103 CCL,13,12:51,14:20,23325,FEB
RST ROMB CCL,Hartmann GA 1998,108 CCL,12,16:25,18:01,23275,FEB
RST ROMB CCL,Hartmann GA 1998,103 CCL,13,14:35,17:20,23970,FEB
RST ROMB CCL,Hartmann GA 1998,108 CCL,12,18:16,19:00,23555,FEB
RST ROMB CCL,Hartmann GA 1998,101 CCL,21,10:16,11:13,23750,FEB
RST ROMB CCL,Hartmann GA 1998,101 CCL,21,11:28,12:11,23654,FEB
RST ROMB CCL,Hartmann GA 1998,101 CCL,21,12:26,13:09,23700,FEB
RST ROMB CCL,Hartmann GA 1998,101 CCL,21,13:24,14:07,23225,FEB
RST ROMB CCL,Hartmann GA 1998,104 CCL,13,10:25,12:21,23770,FEB
RST ROMB CCL,Hartmann GA 1998,102 CCL,17,18:00,18:39,23476,FEB
RST ROMB CCL,Hartmann GA 1998,103 CCL,13,17:35,18:25,23803,FEB
RST ROMB CCL,Hartmann GA 1998,104 CCL,13,12:36,14:03,23915,FEB
RST ROMB CCL,Hartmann GA 1998,104 CCL,13,14:18,15:34,23667,FEB
RST ROMB CCL,Hartmann GA 1998,104 CCL,13,15:49,16:26,23241,FEB
RST ROMB CCL,Hartmann GA 1998,104 CCL,13,16:41,18:31,23718,FEB
RST ROMB CCL,Hartmann GA 1998,103 CCL,8,18:34,18:58,23846,FEB
RST ROMB CCL,Hartmann GA 1998,105 CCL,10,18:33,18:58,23783,FEB
RST ROMB CCL,Hartmann GA 1998,105 CCL,13,07:00,08:16,23694,FEB
RST ROMB CCL,Hartmann GA 1998,105 CCL,13,08:31,09:08,23687,FEB
RST ROMB CCL,Hartmann GA 1998,103 CCL,14,07:00,08:35,23256,FEB
RST ROMB CCL,Hartmann GA 1998,101 CCL,21,14:22,14:57,23722,FEB
RST ROMB CCL,Hartmann GA 1998,105 CCL,13,09:23,10:03,23774,FEB
RST ROMB CCL,Hartmann GA 1998,105 CCL,13,10:18,11:20,23819,FEB
RST ROMB CCL,Hartmann GA 1998,105 CCL,13,11:35,13:26,24035,FEB
RST ROMB CCL,Hartmann GA 1998,103 CCL,14,08:50,09:45,23237,FEB
RST ROMB CCL,Hartmann GA 1998,105 CCL,13,13:41,14:37,23428,FEB
RST ROMB CCL,Hartmann GA 1998,101 CCL,21,15:12,16:01,23356,FEB
RST ROMB CCL,Hartmann GA 1998,101 CCL,21,16:16,17:13,23447,FEB
RST ROMB CCL,Hartmann GA 1998,105 CCL,13,14:52,16:05,23988,FEB
RST ROMB CCL,Hartmann GA 1998,105 CCL,13,16:20,17:17,23568,FEB
RST ROMB CCL,Hartmann GA 1998,107 CCL,13,07:00,08:58,23614,FEB
RST ROMB CCL,Hartmann GA 1998,101 CCL,13,18:32,19:00,23674,FEB
RST ROMB CCL,Hartmann GA 1998,103 CCL,14,10:00,11:36,23301,FEB
RST ROMB CCL,Hartmann GA 1998,102 CCL,18,07:00,08:24,23589,FEB
RST ROMB CCL,Hartmann GA 1998,105 CCL,13,17:32,18:41,23510,FEB
RST ROMB CCL,Hartmann GA 1998,108 CCL,13,07:00,07:50,23829,FEB
RST ROMB CCL,Hartmann GA 1998,107 CCL,13,09:13,10:26,24041,FEB
RST ROMB CCL,Hartmann GA 1998,101 CCL,21,17:28,18:34,23562,FEB
RST ROMB CCL,Hartmann GA 1998,101 CCL,22,07:00,08:20,23446,FEB
RST ROMB CCL,Hartmann GA 1998,107 CCL,13,10:41,11:40,23533,FEB
RST ROMB CCL,Hartmann GA 1998,101 CCL,22,08:35,09:32,24015,FEB
RST ROMB CCL,Hartmann GA 1998,107 CCL,13,11:55,13:48,24049,FEB
RST ROMB CCL,Hartmann GA 1998,102 CCL,18,08:39,10:25,23958,FEB
RST ROMB CCL,Hartmann GA 1998,102 CCL,18,10:40,11:41,23780,FEB
RST ROMB CCL,Hartmann GA 1998,107 CCL,13,14:03,16:35,23384,FEB
RST ROMB CCL,Hartmann GA 1998,103 CCL,14,11:51,13:22,23798,FEB
RST ROMB CCL,Hartmann GA 1998,108 CCL,13,08:05,09:03,24008,FEB
RST ROMB CCL,Hartmann GA 1998,103 CCL,14,13:37,16:51,23326,FEB
RST ROMB CCL,Hartmann GA 1998,107 CCL,13,16:50,17:36,23903,FEB
RST ROMB CCL,Hartmann GA 1998,108 CCL,13,09:18,10:19,23860,FEB
RST ROMB CCL,Hartmann GA 1998,101 CCL,22,09:47,10:55,23861,FEB
RST ROMB CCL,Hartmann GA 1998,101 CCL,22,11:10,11:53,23565,FEB
RST ROMB CCL,Hartmann GA 1998,102 CCL,18,11:56,13:26,23566,FEB
RST ROMB CCL,Hartmann GA 1998,101 CCL,22,12:08,14:04,23372,FEB
RST ROMB CCL,Hartmann GA 1998,108 CCL,13,10:34,17:50,23425,FEB
RST ROMB CCL,Hartmann GA 1998,104 CCL,14,07:00,10:31,23369,FEB
RST ROMB CCL,Hartmann GA 1998,104 CCL,14,10:46,14:02,23293,FEB
RST ROMB CCL,Hartmann GA 1998,102 CCL,19,07:00,09:20,23430,FEB
RST ROMB CCL,Hartmann GA 1998,103 CCL,14,17:06,18:35,23609,FEB
RST ROMB CCL,Hartmann GA 1998,104 CCL,14,14:17,15:39,23346,FEB
RST ROMB CCL,Hartmann GA 1998,107 CCL,13,17:51,18:43,23307,FEB
RST ROMB CCL,Hartmann GA 1998,104 CCL,14,15:54,17:24,23875,FEB
RST ROMB CCL,Hartmann GA 1998,102 CCL,19,09:35,11:02,23439,FEB
RST ROMB CCL,Hartmann GA 1998,101 CCL,22,14:19,15:08,23283,FEB
RST ROMB CCL,Hartmann GA 1998,104 CCL,14,17:39,18:43,23193,FEB
RST ROMB CCL,Hartmann GA 1998,105 CCL,14,07:00,08:10,23507,FEB
RST ROMB CCL,Hartmann GA 1998,108 CCL,13,18:05,18:54,23547,FEB
RST ROMB CCL,Hartmann GA 1998,101 CCL,22,15:23,16:08,23484,FEB
RST ROMB CCL,Hartmann GA 1998,101 CCL,22,16:23,17:08,23299,FEB
RST ROMB CCL,Hartmann GA 1998,101 CCL,22,17:23,18:33,23223,FEB
RST ROMB CCL,Hartmann GA 1998,105 CCL,14,08:25,09:17,23493,FEB
RST ROMB CCL,Hartmann GA 1998,102 CCL,19,11:17,13:42,23395,FEB
RST ROMB CCL,Hartmann GA 1998,101 CCL,23,07:00,07:51,23221,FEB
RST ROMB CCL,Hartmann GA 1998,101 CCL,23,08:06,10:09,23172,FEB
RST ROMB CCL,Hartmann GA 1998,105 CCL,14,09:32,11:18,23655,FEB
RST ROMB CCL,Hartmann GA 1998,105 CCL,14,11:33,13:31,23276,FEB
RST ROMB CCL,Hartmann GA 1998,102 CCL,18,13:41,14:34,23601,FEB
RST ROMB CCL,Hartmann GA 1998,105 CCL,14,13:46,16:09,24044,FEB
RST ROMB CCL,Hartmann GA 1998,107 CCL,14,07:00,08:10,23427,FEB
RST ROMB CCL,Hartmann GA 1998,105 CCL,14,16:24,17:38,23563,FEB
RST ROMB CCL,Hartmann GA 1998,107 CCL,14,08:25,12:00,24010,FEB
RST ROMB CCL,Hartmann GA 1998,101 CCL,23,10:24,11:52,24004,FEB
RST ROMB CCL,Hartmann GA 1998,102 CCL,18,14:49,15:34,23575,FEB
RST ROMB CCL,Hartmann GA 1998,107 CCL,14,12:15,13:34,23898,FEB
RST ROMB CCL,Hartmann GA 1998,108 CCL,14,07:00,10:20,23157,FEB
RST ROMB CCL,Hartmann GA 1998,105 CCL,14,17:53,18:34,23535,FEB
RST ROMB CCL,Hartmann GA 1998,101 CCL,23,12:07,12:51,23704,FEB
RST ROMB CCL,Hartmann GA 1998,103 CCL,15,07:00,08:27,23300,FEB
RST ROMB CCL,Hartmann GA 1998,107 CCL,14,13:49,15:27,23323,FEB
RST ROMB CCL,Hartmann GA 1998,102 CCL,18,15:49,17:05,23272,FEB
RST ROMB CCL,Hartmann GA 1998,103 CCL,16,07:00,10:43,23512,FEB
RST ROMB CCL,Hartmann GA 1998,107 CCL,14,15:42,16:18,23896,FEB
RST ROMB CCL,Hartmann GA 1998,107 CCL,14,16:33,17:32,23165,FEB
RST ROMB CCL,Hartmann GA 1998,107 CCL,14,17:47,18:16,24037,FEB
RST ROMB CCL,Hartmann GA 1998,108 CCL,14,10:35,12:42,23385,FEB
RST ROMB CCL,Hartmann GA 1998,108 CCL,14,12:57,13:34,23939,FEB
RST ROMB CCL,Hartmann GA 1998,108 CCL,14,13:49,14:25,23910,FEB
RST ROMB CCL,Hartmann GA 1998,108 CCL,14,14:40,15:50,23392,FEB
RST ROMB CCL,Hartmann GA 1998,108 CCL,14,16:05,17:10,23213,FEB
RST ROMB CCL,Hartmann GA 1998,102 CCL,18,17:20,18:27,23308,FEB
RST ROMB CCL,Hartmann GA 1998,108 CCL,14,17:25,18:08,23388,FEB
RST ROMB CCL,Hartmann GA 1998,103 CCL,15,08:42,10:45,24048,FEB
RST ROMB CCL,Hartmann GA 1998,103 CCL,15,11:00,12:54,23472,FEB
RST ROMB CCL,Hartmann GA 1998,102 CCL,19,13:57,16:04,23702,FEB
RST ROMB CCL,Hartmann GA 1998,101 CCL,23,13:06,14:08,23297,FEB
RST ROMB CCL,Hartmann GA 1998,101 CCL,23,14:23,15:07,23662,FEB
RST ROMB CCL,Hartmann GA 1998,103 CCL,15,13:09,13:53,23686,FEB
RST ROMB CCL,Hartmann GA 1998,101 CCL,23,15:22,16:23,23371,FEB
RST ROMB CCL,Hartmann GA 1998,104 CCL,15,07:00,08:35,23316,FEB
RST ROMB CCL,Hartmann GA 1998,103 CCL,15,14:08,16:00,23199,FEB
RST ROMB CCL,Hartmann GA 1998,101 CCL,23,16:38,18:07,23675,FEB
RST ROMB CCL,Hartmann GA 1998,103 CCL,15,16:15,18:27,23482,FEB
RST ROMB CCL,Hartmann GA 1998,104 CCL,15,08:50,09:51,23206,FEB
RST ROMB CCL,Hartmann GA 1998,104 CCL,15,10:06,11:13,23610,FEB
RST ROMB CCL,Hartmann GA 1998,104 CCL,15,11:28,12:00,23850,FEB
RST ROMB CCL,Hartmann GA 1998,104 CCL,15,12:15,14:33,23635,FEB
RST ROMB CCL,Hartmann GA 1998,104 CCL,15,14:48,17:02,23844,FEB
RST ROMB CCL,Hartmann GA 1998,101 CCL,24,07:00,07:40,23823,FEB
RST ROMB CCL,Hartmann GA 1998,104 CCL,15,17:17,18:32,23436,FEB
RST ROMB CCL,Hartmann GA 1998,105 CCL,15,07:00,08:52,23319,FEB
RST ROMB CCL,Hartmann GA 1998,105 CCL,15,09:07,10:42,23755,FEB
RST ROMB CCL,Hartmann GA 1998,105 CCL,15,10:57,11:59,23292,FEB
RST ROMB CCL,Hartmann GA 1998,105 CCL,15,12:14,13:32,23978,FEB
RST ROMB CCL,Hartmann GA 1998,101 CCL,24,07:55,08:43,23414,FEB
RST ROMB CCL,Hartmann GA 1998,105 CCL,15,13:47,16:31,23345,FEB
RST ROMB CCL,Hartmann GA 1998,107 CCL,15,07:00,08:19,23485,FEB
RST ROMB CCL,Hartmann GA 1998,105 CCL,15,16:46,18:49,23632,FEB
RST ROMB CCL,Hartmann GA 1998,108 CCL,14,18:23,18:53,23211,FEB
RST ROMB CCL,Hartmann GA 1998,107 CCL,15,08:34,11:12,23679,FEB
RST ROMB CCL,Hartmann GA 1998,107 CCL,15,11:27,13:13,23423,FEB
RST ROMB CCL,Hartmann GA 1998,107 CCL,15,13:28,14:15,23806,FEB
RST ROMB CCL,Hartmann GA 1998,101 CCL,24,08:58,10:49,23976,FEB
RST ROMB CCL,Hartmann GA 1998,107 CCL,15,14:30,15:00,23998,FEB
RST ROMB CCL,Hartmann GA 1998,107 CCL,15,15:15,16:17,24047,FEB
RST ROMB CCL,Hartmann GA 1998,102 CCL,19,16:19,16:54,23328,FEB
RST ROMB CCL,Hartmann GA 1998,104 CCL,16,07:00,07:41,23640,FEB
RST ROMB CCL,Hartmann GA 1998,108 CCL,15,07:00,09:32,23636,FEB
RST ROMB CCL,Hartmann GA 1998,101 CCL,24,11:04,12:43,23876,FEB
RST ROMB CCL,Hartmann GA 1998,102 CCL,20,07:00,12:35,23271,FEB
RST ROMB CCL,Hartmann GA 1998,102 CCL,19,17:09,17:55,23925,FEB
RST ROMB CCL,Hartmann GA 1998,107 CCL,15,16:32,17:02,23378,FEB
RST ROMB CCL,Hartmann GA 1998,102 CCL,20,12:50,14:27,24002,FEB
RST ROMB CCL,Hartmann GA 1998,101 CCL,24,12:58,14:54,23518,FEB
RST ROMB CCL,Hartmann GA 1998,107 CCL,15,17:17,18:33,23752,FEB
RST ROMB CCL,Hartmann GA 1998,108 CCL,15,09:47,10:37,23456,FEB
RST ROMB CCL,Hartmann GA 1998,108 CCL,15,10:52,12:26,23924,FEB
RST ROMB CCL,Hartmann GA 1998,102 CCL,20,14:42,15:49,23581,FEB
RST ROMB CCL,Hartmann GA 1998,102 CCL,21,07:00,11:47,23250,FEB
RST ROMB CCL,Hartmann GA 1998,101 CCL,23,18:22,18:59,23671,FEB
RST ROMB CCL,Hartmann GA 1998,108 CCL,15,12:41,13:16,23663,FEB
RST ROMB CCL,Hartmann GA 1998,101 CCL,24,15:09,16:17,23254,FEB
RST ROMB CCL,Hartmann GA 1998,108 CCL,15,13:31,14:13,23895,FEB
RST ROMB CCL,Hartmann GA 1998,101 CCL,24,16:32,17:53,23448,FEB
RST ROMB CCL,Hartmann GA 1998,101 CCL,24,18:08,18:54,23882,FEB
RST ROMB CCL,Hartmann GA 1998,101 CCL,25,07:00,07:53,23246,FEB
RST ROMB CCL,Hartmann GA 1998,108 CCL,15,14:28,15:20,23580,FEB
RST ROMB CCL,Hartmann GA 1998,101 CCL,25,08:08,08:46,23644,FEB
RST ROMB CCL,Hartmann GA 1998,108 CCL,15,15:35,16:19,23942,FEB
RST ROMB CCL,Hartmann GA 1998,101 CCL,25,09:01,09:38,23696,FEB
RST ROMB CCL,Hartmann GA 1998,102 CCL,20,16:04,17:01,23338,FEB
RST ROMB CCL,Hartmann GA 1998,101 CCL,25,09:53,11:05,23406,FEB
RST ROMB CCL,Hartmann GA 1998,108 CCL,15,16:34,18:00,23731,FEB
RST ROMB CCL,Hartmann GA 1998,103 CCL,16,10:58,11:36,23569,FEB
RST ROMB CCL,Hartmann GA 1998,103 CCL,16,11:51,12:55,23781,FEB
RST ROMB CCL,Hartmann GA 1998,101 CCL,25,11:20,12:49,23180,FEB
RST ROMB CCL,Hartmann GA 1998,101 CCL,25,13:04,14:54,23274,FEB
RST ROMB CCL,Hartmann GA 1998,108 CCL,15,18:15,18:50,23539,FEB
RST ROMB CCL,Hartmann GA 1998,103 CCL,16,13:10,14:32,23379,FEB
RST ROMB CCL,Hartmann GA 1998,103 CCL,16,14:47,16:03,24050,FEB
RST ROMB CCL,Hartmann GA 1998,101 CCL,25,15:09,16:15,23499,FEB
RST ROMB CCL,Hartmann GA 1998,101 CCL,25,16:30,18:20,23235,FEB
RST ROMB CCL,Hartmann GA 1998,103 CCL,16,16:18,16:56,23938,FEB
RST ROMB CCL,Hartmann GA 1998,101 CCL,26,07:00,07:53,23574,FEB
RST ROMB CCL,Hartmann GA 1998,103 CCL,17,07:00,09:22,23464,FEB
RST ROMB CCL,Hartmann GA 1998,103 CCL,16,17:11,18:02,23582,FEB
RST ROMB CCL,Hartmann GA 1998,101 CCL,26,08:08,09:19,23670,FEB
RST ROMB CCL,Hartmann GA 1998,103 CCL,17,09:37,11:32,23868,FEB
RST ROMB CCL,Hartmann GA 1998,101 CCL,26,09:34,10:44,23968,FEB
RST ROMB CCL,Hartmann GA 1998,101 CCL,26,10:59,11:49,23577,FEB
RST ROMB CCL,Hartmann GA 1998,101 CCL,26,12:04,14:11,23656,FEB
RST ROMB CCL,Hartmann GA 1998,104 CCL,16,07:56,09:05,23643,FEB
RST ROMB CCL,Hartmann GA 1998,103 CCL,16,18:17,18:56,23905,FEB
RST ROMB CCL,Hartmann GA 1998,104 CCL,16,09:20,10:30,23816,FEB
RST ROMB CCL,Hartmann GA 1998,101 CCL,26,14:26,15:27,23884,FEB
RST ROMB CCL,Hartmann GA 1998,101 CCL,26,15:42,16:56,23708,FEB
RST ROMB CCL,Hartmann GA 1998,104 CCL,16,10:45,12:07,23892,FEB
RST ROMB CCL,Hartmann GA 1998,104 CCL,16,12:22,14:01,23429,FEB
RST ROMB CCL,Hartmann GA 1998,102 CCL,19,18:10,18:58,23848,FEB
RST ROMB CCL,Hartmann GA 1998,104 CCL,16,14:16,15:29,23605,FEB
RST ROMB CCL,Hartmann GA 1998,102 CCL,20,17:16,18:07,24016,FEB
RST ROMB CCL,Hartmann GA 1998,104 CCL,16,15:44,16:42,23822,FEB
RST ROMB CCL,Hartmann GA 1998,101 CCL,27,07:00,08:56,23224,FEB
RST ROMB CCL,Hartmann GA 1998,104 CCL,16,16:57,18:49,23794,FEB
RST ROMB CCL,Hartmann GA 1998,101 CCL,27,09:11,11:03,23391,FEB
RST ROMB CCL,Hartmann GA 1998,105 CCL,16,07:00,09:52,23335,FEB
RST ROMB CCL,Hartmann GA 1998,101 CCL,26,17:11,18:11,23880,FEB
RST ROMB CCL,Hartmann GA 1998,103 CCL,17,11:47,15:05,23466,FEB
RST ROMB CCL,Hartmann GA 1998,105 CCL,16,10:07,11:29,23405,FEB
RST ROMB CCL,Hartmann GA 1998,103 CCL,17,15:20,17:20,23737,FEB
RST ROMB CCL,Hartmann GA 1998,105 CCL,16,11:44,13:12,23295,FEB
RST ROMB CCL,Hartmann GA 1998,105 CCL,16,13:27,14:50,23859,FEB
RST ROMB CCL,Hartmann GA 1998,102 CCL,21,12:02,13:24,23548,FEB
RST ROMB CCL,Hartmann GA 1998,105 CCL,16,15:05,15:57,23999,FEB
RST ROMB CCL,Hartmann GA 1998,105 CCL,16,16:12,17:33,23227,FEB
RST ROMB CCL,Hartmann GA 1998,101 CCL,27,11:18,13:57,23315,FEB
RST ROMB CCL,Hartmann GA 1998,103 CCL,19,07:00,10:36,23463,FEB
RST ROMB CCL,Hartmann GA 1998,102 CCL,21,13:39,16:20,23906,FEB
RST ROMB CCL,Hartmann GA 1998,101 CCL,27,14:12,16:43,23673,FEB
RST ROMB CCL,Hartmann GA 1998,107 CCL,16,07:00,07:52,23919,FEB
RST ROMB CCL,Hartmann GA 1998,105 CCL,16,17:48,18:36,24011,FEB
RST ROMB CCL,Hartmann GA 1998,103 CCL,9,18:39,18:59,23209,FEB
RST ROMB CCL,Hartmann GA 1998,101 CCL,26,18:26,18:58,23474,FEB
RST ROMB CCL,Hartmann GA 1998,101 CCL,27,16:58,18:37,23707,FEB
RST ROMB CCL,Hartmann GA 1998,102 CCL,21,16:35,18:18,23473,FEB
RST ROMB CCL,Hartmann GA 1998,107 CCL,16,08:07,09:37,23154,FEB
RST ROMB CCL,Hartmann GA 1998,107 CCL,16,09:52,11:45,23389,FEB
RST ROMB CCL,Hartmann GA 1998,107 CCL,16,12:00,13:52,23352,FEB
RST ROMB CCL,Hartmann GA 1998,102 CCL,22,07:00,07:40,23327,FEB
RST ROMB CCL,Hartmann GA 1998,101 CCL,28,07:00,07:42,23986,FEB
RST ROMB CCL,Hartmann GA 1998,102 CCL,22,07:55,08:56,23491,FEB
RST ROMB CCL,Hartmann GA 1998,107 CCL,16,14:07,15:33,24040,FEB
RST ROMB CCL,Hartmann GA 1998,101 CCL,28,07:57,08:38,23163,FEB
RST ROMB CCL,Hartmann GA 1998,107 CCL,16,15:48,16:56,23517,FEB
RST ROMB CCL,Hartmann GA 1998,101 CCL,28,08:53,09:57,23660,FEB
RST ROMB CCL,Hartmann GA 1998,101 CCL,28,10:12,11:28,23881,FEB
RST ROMB CCL,Hartmann GA 1998,104 CCL,17,07:00,10:18,23438,FEB
RST ROMB CCL,Hartmann GA 1998,108 CCL,16,07:00,08:35,23952,FEB
RST ROMB CCL,Hartmann GA 1998,101 CCL,28,11:43,12:34,23208,FEB
RST ROMB CCL,Hartmann GA 1998,101 CCL,28,12:49,14:41,23242,FEB
RST ROMB CCL,Hartmann GA 1998,107 CCL,16,17:11,18:23,23528,FEB
RST ROMB CCL,Hartmann GA 1998,102 CCL,20,18:22,18:56,23343,FEB
RST ROMB CCL,Hartmann GA 1998,102 CCL,22,09:11,12:00,23960,FEB
RST ROMB CCL,Hartmann GA 1998,108 CCL,16,08:50,10:57,23150,FEB
RST ROMB CCL,Hartmann GA 1998,108 CCL,16,11:12,11:58,24033,FEB
RST ROMB CCL,Hartmann GA 1998,102 CCL,23,07:00,08:01,23611,FEB
RST ROMB CCL,Hartmann GA 1998,108 CCL,16,12:13,14:38,23431,FEB
RST ROMB CCL,Hartmann GA 1998,108 CCL,16,14:53,15:36,23932,FEB
RST ROMB CCL,Hartmann GA 1998,108 CCL,16,15:51,16:29,23837,FEB
RST ROMB CCL,Hartmann GA 1998,101 CCL,28,14:56,15:32,24009,FEB
RST ROMB CCL,Hartmann GA 1998,108 CCL,16,16:44,18:12,24042,FEB
RST ROMB CCL,Hartmann GA 1998,103 CCL,17,17:35,18:40,23899,FEB
RST ROMB CCL,Hartmann GA 1998,104 CCL,17,10:33,12:07,23556,FEB
RST ROMB CCL,Hartmann GA 1998,104 CCL,17,12:22,13:11,23604,FEB
RST ROMB CCL,Hartmann GA 1998,101 CCL,28,15:47,16:51,23713,FEB
RST ROMB CCL,Hartmann GA 1998,104 CCL,17,13:26,14:08,23146,FEB
RST ROMB CCL,Hartmann GA 1998,104 CCL,17,14:23,15:54,23441,FEB
RST ROMB CCL,Hartmann GA 1998,104 CCL,17,16:09,17:06,23623,FEB
RST ROMB CCL,Hartmann GA 1998,101 CCL,29,07:00,10:00,24046,FEB
RST ROMB CCL,Hartmann GA 1998,105 CCL,17,07:00,07:46,23249,FEB
RST ROMB CCL,Hartmann GA 1998,104 CCL,17,17:21,18:42,23652,FEB
RST ROMB CCL,Hartmann GA 1998,101 CCL,28,17:06,17:57,23730,FEB
RST ROMB CCL,Hartmann GA 1998,105 CCL,17,08:01,08:33,23818,FEB
RST ROMB CCL,Hartmann GA 1998,105 CCL,17,08:48,11:32,23985,FEB
RST ROMB CCL,Hartmann GA 1998,103 CCL,19,10:51,13:03,23190,FEB
RST ROMB CCL,Hartmann GA 1998,105 CCL,17,11:47,15:11,23682,FEB
RST ROMB CCL,Hartmann GA 1998,102 CCL,22,12:15,12:48,23214,FEB
RST ROMB CCL,Hartmann GA 1998,105 CCL,17,15:26,17:49,23570,FEB
RST ROMB CCL,Hartmann GA 1998,102 CCL,22,13:03,16:09,23690,FEB
RST ROMB CCL,Hartmann GA 1998,102 CCL,23,08:16,11:50,23870,FEB
RST ROMB CCL,Hartmann GA 1998,107 CCL,17,07:00,07:43,23966,FEB
RST ROMB CCL,Hartmann GA 1998,103 CCL,19,13:18,15:40,23736,FEB
RST ROMB CCL,Hartmann GA 1998,105 CCL,17,18:04,18:52,23951,FEB
RST ROMB CCL,Hartmann GA 1998,101 CCL,29,10:15,11:19,23617,FEB
RST ROMB CCL,Hartmann GA 1998,103 CCL,19,15:55,18:16,23717,FEB
RST ROMB CCL,Hartmann GA 1998,101 CCL,29,11:34,12:32,23435,FEB
RST ROMB CCL,Hartmann GA 1998,108 CCL,17,07:00,08:54,23904,FEB
RST ROMB CCL,Hartmann GA 1998,108 CCL,17,09:09,10:13,23975,FEB
RST ROMB CCL,Hartmann GA 1998,101 CCL,28,18:12,18:54,23677,FEB
RST ROMB CCL,Hartmann GA 1998,107 CCL,17,07:58,11:38,23864,FEB
RST ROMB CCL,Hartmann GA 1998,107 CCL,17,11:53,12:58,23746,FEB
RST ROMB CCL,Hartmann GA 1998,107 CCL,17,13:13,14:52,23693,FEB
RST ROMB CCL,Hartmann GA 1998,101 CCL,29,12:47,13:30,23665,FEB
RST ROMB CCL,Hartmann GA 1998,108 CCL,17,10:28,11:48,23521,FEB
RST ROMB CCL,Hartmann GA 1998,103 CCL,18,07:00,08:26,23606,FEB
RST ROMB CCL,Hartmann GA 1998,101 CCL,29,13:45,14:25,23877,FEB
RST ROMB CCL,Hartmann GA 1998,103 CCL,18,08:41,10:34,23233,FEB
RST ROMB CCL,Hartmann GA 1998,103 CCL,18,10:49,12:36,23251,FEB
RST ROMB CCL,Hartmann GA 1998,107 CCL,17,15:07,15:41,23426,FEB
RST ROMB CCL,Hartmann GA 1998,101 CCL,29,14:40,16:00,23412,FEB
RST ROMB CCL,Hartmann GA 1998,107 CCL,17,15:56,17:41,23331,FEB
RST ROMB CCL,Hartmann GA 1998,103 CCL,18,12:51,14:11,23236,FEB
RST ROMB CCL,Hartmann GA 1998,108 CCL,17,12:03,12:39,23661,FEB
RST ROMB CCL,Hartmann GA 1998,107 CCL,17,17:56,18:46,23403,FEB
RST ROMB CCL,Hartmann GA 1998,101 CCL,29,16:15,16:55,23878,FEB
RST ROMB CCL,Hartmann GA 1998,108 CCL,17,12:54,14:09,23647,FEB
RST ROMB CCL,Hartmann GA 1998,108 CCL,17,14:24,15:01,23810,FEB
RST ROMB CCL,Hartmann GA 1998,101 CCL,29,17:10,17:55,23445,FEB
RST ROMB CCL,Hartmann GA 1998,101 CCL,30,07:00,08:15,23222,FEB
RST ROMB CCL,Hartmann GA 1998,108 CCL,17,15:16,15:59,23703,FEB
RST ROMB CCL,Hartmann GA 1998,103 CCL,18,14:26,16:10,23231,FEB
RST ROMB CCL,Hartmann GA 1998,104 CCL,18,07:00,14:22,24021,FEB
RST ROMB CCL,Hartmann GA 1998,101 CCL,29,18:10,18:36,23322,FEB
RST ROMB CCL,Hartmann GA 1998,101 CCL,30,08:30,09:23,23564,FEB
RST ROMB CCL,Hartmann GA 1998,101 CCL,30,09:38,11:23,23830,FEB
RST ROMB CCL,Hartmann GA 1998,108 CCL,17,16:14,18:05,23189,FEB
RST ROMB CCL,Hartmann GA 1998,101 CCL,30,11:38,12:40,23318,FEB
RST ROMB CCL,Hartmann GA 1998,101 CCL,30,12:55,14:39,23769,FEB
RST ROMB CCL,Hartmann GA 1998,103 CCL,18,16:25,16:56,23989,FEB
RST ROMB CCL,Hartmann GA 1998,104 CCL,18,14:37,17:41,24038,FEB
RST ROMB CCL,Hartmann GA 1998,101 CCL,30,14:54,15:38,23514,FEB
RST ROMB CCL,Hartmann GA 1998,102 CCL,22,16:24,16:55,23404,FEB
RST ROMB CCL,Hartmann GA 1998,102 CCL,22,17:10,18:33,23362,FEB
RST ROMB CCL,Hartmann GA 1998,103 CCL,18,17:11,18:10,23595,FEB
RST ROMB CCL,Hartmann GA 1998,105 CCL,18,07:00,09:51,23839,FEB
RST ROMB CCL,Hartmann GA 1998,102 CCL,23,12:05,13:39,23709,FEB
RST ROMB CCL,Hartmann GA 1998,103 CCL,21,07:00,08:43,23194,FEB
RST ROMB CCL,Hartmann GA 1998,103 CCL,21,08:58,11:58,23726,FEB
RST ROMB CCL,Hartmann GA 1998,101 CCL,30,15:53,16:25,23634,FEB
RST ROMB CCL,Hartmann GA 1998,102 CCL,23,13:54,17:34,23641,FEB
RST ROMB CCL,Hartmann GA 1998,101 CCL,30,16:40,17:33,23243,FEB
RST ROMB CCL,Hartmann GA 1998,104 CCL,18,17:56,18:49,23422,FEB
RST ROMB CCL,Hartmann GA 1998,105 CCL,18,10:06,10:47,23197,FEB
RST ROMB CCL,Hartmann GA 1998,102 CCL,23,17:49,18:27,23419,FEB
RST ROMB CCL,Hartmann GA 1998,102 CCL,24,07:00,08:19,23977,FEB
RST ROMB CCL,Hartmann GA 1998,105 CCL,18,11:02,12:02,23621,FEB
RST ROMB CCL,Hartmann GA 1998,101 CCL,31,07:00,08:22,23454,FEB
RST ROMB CCL,Hartmann GA 1998,103 CCL,21,12:13,14:45,23907,FEB
RST ROMB CCL,Hartmann GA 1998,105 CCL,18,12:17,14:48,23705,FEB
RST ROMB CCL,Hartmann GA 1998,105 CCL,18,15:03,15:56,23397,FEB
RST ROMB CCL,Hartmann GA 1998,105 CCL,18,16:11,17:23,23712,FEB
RST ROMB CCL,Hartmann GA 1998,105 CCL,18,17:38,18:40,23266,FEB
RST ROMB CCL,Hartmann GA 1998,104 CCL,11,18:33,18:53,24023,FEB
RST ROMB CCL,Hartmann GA 1998,107 CCL,18,07:00,07:58,23288,FEB
RST ROMB CCL,Hartmann GA 1998,107 CCL,18,08:13,09:38,23559,FEB
RST ROMB CCL,Hartmann GA 1998,107 CCL,18,09:53,10:33,23739,FEB
RST ROMB CCL,Hartmann GA 1998,107 CCL,14,18:31,18:58,23902,FEB
RST ROMB CCL,Hartmann GA 1998,107 CCL,18,10:48,12:30,23205,FEB
RST ROMB CCL,Hartmann GA 1998,102 CCL,24,08:34,11:10,23946,FEB
RST ROMB CCL,Hartmann GA 1998,102 CCL,24,11:25,13:42,23520,FEB
RST ROMB CCL,Hartmann GA 1998,107 CCL,18,12:45,15:18,23304,FEB
RST ROMB CCL,Hartmann GA 1998,101 CCL,30,17:48,18:32,23805,FEB
RST ROMB CCL,Hartmann GA 1998,107 CCL,18,15:33,16:42,23342,FEB
RST ROMB CCL,Hartmann GA 1998,107 CCL,18,16:57,18:16,23893,FEB
RST ROMB CCL,Hartmann GA 1998,108 CCL,18,07:00,08:22,23639,FEB
RST ROMB CCL,Hartmann GA 1998,108 CCL,18,08:37,09:47,23787,FEB
RST ROMB CCL,Hartmann GA 1998,104 CCL,19,07:00,08:28,23629,FEB
RST ROMB CCL,Hartmann GA 1998,102 CCL,24,13:57,15:46,23262,FEB
RST ROMB CCL,Hartmann GA 1998,108 CCL,18,10:02,10:45,23689,FEB
RST ROMB CCL,Hartmann GA 1998,108 CCL,18,11:00,12:02,23967,FEB
RST ROMB CCL,Hartmann GA 1998,108 CCL,18,12:17,13:22,23277,FEB
RST ROMB CCL,Hartmann GA 1998,108 CCL,18,13:37,14:40,24018,FEB
RST ROMB CCL,Hartmann GA 1998,102 CCL,24,16:01,17:43,23415,FEB
RST ROMB CCL,Hartmann GA 1998,108 CCL,18,14:55,16:32,23763,FEB
RST ROMB CCL,Hartmann GA 1998,105 CCL,19,07:00,08:39,23587,FEB
RST ROMB CCL,Hartmann GA 1998,104 CCL,19,08:43,10:23,23279,FEB
RST ROMB CCL,Hartmann GA 1998,102 CCL,24,17:58,18:29,23519,FEB
RST ROMB CCL,Hartmann GA 1998,104 CCL,19,10:38,12:32,23982,FEB
RST ROMB CCL,Hartmann GA 1998,103 CCL,21,15:00,17:09,23191,FEB
RST ROMB CCL,Hartmann GA 1998,102 CCL,26,07:00,08:09,23477,FEB
RST ROMB CCL,Hartmann GA 1998,101 CCL,31,08:37,10:19,23788,FEB
RST ROMB CCL,Hartmann GA 1998,103 CCL,23,07:00,10:13,23321,FEB
RST ROMB CCL,Hartmann GA 1998,102 CCL,25,07:00,08:10,23561,FEB
RST ROMB CCL,Hartmann GA 1998,108 CCL,18,16:47,17:28,23857,FEB
RST ROMB CCL,Hartmann GA 1998,101 CCL,31,10:34,12:11,23879,FEB
RST ROMB CCL,Hartmann GA 1998,108 CCL,18,17:43,18:43,23931,FEB
RST ROMB CCL,Hartmann GA 1998,104 CCL,19,12:47,14:04,23240,FEB
RST ROMB CCL,Hartmann GA 1998,104 CCL,19,14:19,15:42,23516,FEB
RST ROMB CCL,Hartmann GA 1998,103 CCL,22,07:00,08:41,23278,FEB
RST ROMB CCL,Hartmann GA 1998,104 CCL,19,15:57,17:25,23475,FEB
RST ROMB CCL,Hartmann GA 1998,105 CCL,19,08:54,10:17,23732,FEB
RST ROMB CCL,Hartmann GA 1998,105 CCL,19,10:32,11:58,23549,FEB
RST ROMB CCL,Hartmann GA 1998,101 CCL,31,12:26,13:11,23450,FEB
RST ROMB CCL,Hartmann GA 1998,108 CCL,16,18:27,18:56,23396,FEB
RST ROMB CCL,Hartmann GA 1998,105 CCL,19,12:13,13:55,23368,FEB
RST ROMB CCL,Hartmann GA 1998,104 CCL,19,17:40,18:22,23204,FEB
RST ROMB CCL,Hartmann GA 1998,108 CCL,17,18:20,18:57,23202,FEB
RST ROMB CCL,Hartmann GA 1998,102 CCL,25,08:25,14:12,23796,FEB
RST ROMB CCL,Hartmann GA 1998,107 CCL,19,07:00,08:01,23552,FEB
RST ROMB CCL,Hartmann GA 1998,108 CCL,19,07:00,08:52,23795,FEB
RST ROMB CCL,Hartmann GA 1998,103 CCL,18,18:25,18:57,23820,FEB
RST ROMB CCL,Hartmann GA 1998,105 CCL,19,14:10,15:41,23247,FEB
RST ROMB CCL,Hartmann GA 1998,105 CCL,19,15:56,17:33,23232,FEB
RST ROMB CCL,Hartmann GA 1998,107 CCL,18,18:31,18:59,24062,FEB
RST ROMB CCL,Hartmann GA 1998,103 CCL,20,07:00,08:14,24006,FEB
RST ROMB CCL,Hartmann GA 1998,105 CCL,19,17:48,18:34,23489,FEB
RST ROMB CCL,Hartmann GA 1998,101 CCL,31,13:26,15:42,23220,FEB
RST ROMB CCL,Hartmann GA 1998,103 CCL,21,17:24,17:57,23302,FEB
RST ROMB CCL,Hartmann GA 1998,102 CCL,27,07:00,13:00,23852,FEB
RST ROMB CCL,Hartmann GA 1998,107 CCL,19,08:16,08:56,23653,FEB
RST ROMB CCL,Hartmann GA 1998,102 CCL,25,14:27,15:10,23336,FEB
RST ROMB CCL,Hartmann GA 1998,107 CCL,19,09:11,09:59,23711,FEB
RST ROMB CCL,Hartmann GA 1998,101 CCL,17,18:32,18:59,23188,FEB
RST ROMB CCL,Hartmann GA 1998,107 CCL,19,10:14,11:12,23176,FEB
RST ROMB CCL,Hartmann GA 1998,102 CCL,25,15:25,17:08,24032,FEB
RST ROMB CCL,Hartmann GA 1998,107 CCL,19,11:27,12:17,23527,FEB
RST ROMB CCL,Hartmann GA 1998,102 CCL,25,17:23,18:21,23536,FEB
RST ROMB CCL,Hartmann GA 1998,101 CCL,31,15:57,16:43,23908,FEB
RST ROMB CCL,Hartmann GA 1998,102 CCL,6,18:31,19:00,23615,FEB
RST ROMB CCL,Hartmann GA 1998,107 CCL,19,12:32,13:04,24020,FEB
RST ROMB CCL,Hartmann GA 1998,107 CCL,19,13:19,14:58,23865,FEB
RST ROMB CCL,Hartmann GA 1998,107 CCL,19,15:13,15:54,23460,FEB
RST ROMB CCL,Hartmann GA 1998,107 CCL,19,16:09,16:43,23828,FEB
RST ROMB CCL,Hartmann GA 1998,101 CCL,31,16:58,17:53,23219,FEB
RST ROMB CCL,Hartmann GA 1998,107 CCL,19,16:58,17:49,24058,FEB
RST ROMB CCL,Hartmann GA 1998,108 CCL,19,09:07,11:01,23775,FEB
RST ROMB CCL,Hartmann GA 1998,108 CCL,19,11:16,12:37,23695,FEB
RST ROMB CCL,Hartmann GA 1998,103 CCL,20,08:29,10:57,23866,FEB
RST ROMB CCL,Hartmann GA 1998,103 CCL,20,11:12,12:53,23804,FEB
RST ROMB CCL,Hartmann GA 1998,107 CCL,19,18:04,18:34,23400,FEB
RST ROMB CCL,Hartmann GA 1998,108 CCL,19,12:52,14:15,23364,FEB
RST ROMB CCL,Hartmann GA 1998,102 CCL,26,08:24,09:11,23784,FEB
RST ROMB CCL,Hartmann GA 1998,103 CCL,20,13:08,14:55,23382,FEB
RST ROMB CCL,Hartmann GA 1998,108 CCL,19,14:30,16:04,23628,FEB
RST ROMB CCL,Hartmann GA 1998,108 CCL,19,16:19,18:16,23467,FEB
RST ROMB CCL,Hartmann GA 1998,102 CCL,26,09:26,12:29,23198,FEB
RST ROMB CCL,Hartmann GA 1998,103 CCL,20,15:10,16:09,23811,FEB
RST ROMB CCL,Hartmann GA 1998,103 CCL,20,16:24,16:57,24024,FEB
RST ROMB CCL,Hartmann GA 1998,103 CCL,20,17:12,18:21,23505,FEB
RST ROMB CCL,Hartmann GA 1998,104 CCL,20,07:00,08:05,23748,FEB
RST ROMB CCL,Hartmann GA 1998,101 CCL,31,18:08,18:47,23171,FEB
RST ROMB CCL,Hartmann GA 1998,104 CCL,20,08:20,08:56,23453,FEB
RST ROMB CCL,Hartmann GA 1998,104 CCL,20,09:11,10:02,23366,FEB
RST ROMB CCL,Hartmann GA 1998,104 CCL,20,10:17,10:56,23723,FEB
RST ROMB CCL,Hartmann GA 1998,104 CCL,20,11:11,15:35,23949,FEB
RST ROMB CCL,Hartmann GA 1998,104 CCL,20,15:50,16:55,23596,FEB
RST ROMB CCL,Hartmann GA 1998,104 CCL,20,17:10,18:55,23267,FEB
RST ROMB CCL,Hartmann GA 1998,105 CCL,20,07:00,07:34,24061,FEB
RST ROMB CCL,Hartmann GA 1998,105 CCL,20,07:49,08:40,23551,FEB
RST ROMB CCL,Hartmann GA 1998,105 CCL,20,08:55,12:46,23710,FEB
RST ROMB CCL,Hartmann GA 1998,107 CCL,20,07:00,09:04,23957,FEB
RST ROMB CCL,Hartmann GA 1998,105 CCL,20,13:01,14:18,23255,FEB
RST ROMB CCL,Hartmann GA 1998,107 CCL,20,09:19,10:08,23511,FEB
RST ROMB CCL,Hartmann GA 1998,105 CCL,20,14:33,15:37,23196,FEB
RST ROMB CCL,Hartmann GA 1998,105 CCL,20,15:52,18:06,23934,FEB
RST ROMB CCL,Hartmann GA 1998,108 CCL,20,07:00,08:08,23669,FEB
RST ROMB CCL,Hartmann GA 1998,102 CCL,26,12:44,13:23,23174,FEB
RST ROMB CCL,Hartmann GA 1998,103 CCL,23,10:28,12:31,23509,FEB
RST ROMB CCL,Hartmann GA 1998,107 CCL,20,10:23,11:33,23567,FEB
RST ROMB CCL,Hartmann GA 1998,102 CCL,26,13:38,15:34,23370,FEB
RST ROMB CCL,Hartmann GA 1998,104 CCL,21,07:00,08:13,23706,FEB
RST ROMB CCL,Hartmann GA 1998,104 CCL,21,08:28,09:48,23858,FEB
RST ROMB CCL,Hartmann GA 1998,108 CCL,20,08:23,09:31,23291,FEB
RST ROMB CCL,Hartmann GA 1998,107 CCL,20,11:48,14:38,23831,FEB
RST ROMB CCL,Hartmann GA 1998,107 CCL,20,14:53,16:41,23699,FEB
RST ROMB CCL,Hartmann GA 1998,102 CCL,26,15:49,17:07,23869,FEB
RST ROMB CCL,Hartmann GA 1998,107 CCL,20,16:56,17:40,23591,FEB
RST ROMB CCL,Hartmann GA 1998,104 CCL,21,10:03,11:25,23553,FEB
RST ROMB CCL,Hartmann GA 1998,102 CCL,26,17:22,18:09,23353,FEB
RST ROMB CCL,Hartmann GA 1998,102 CCL,27,13:15,14:00,23347,FEB
RST ROMB CCL,Hartmann GA 1998,102 CCL,27,14:15,16:18,24055,FEB
RST ROMB CCL,Hartmann GA 1998,104 CCL,21,11:40,13:56,23420,FEB
RST ROMB CCL,Hartmann GA 1998,104 CCL,21,14:11,15:51,23936,FEB
RST ROMB CCL,Hartmann GA 1998,104 CCL,21,16:06,18:05,23920,FEB
RST ROMB CCL,Hartmann GA 1998,105 CCL,20,18:21,18:59,23974,FEB
RST ROMB CCL,Hartmann GA 1998,107 CCL,20,17:55,18:50,23264,FEB
RST ROMB CCL,Hartmann GA 1998,108 CCL,20,09:46,10:40,23351,FEB
RST ROMB CCL,Hartmann GA 1998,105 CCL,21,07:00,07:59,23747,FEB
RST ROMB CCL,Hartmann GA 1998,102 CCL,27,16:33,17:27,23817,FEB
RST ROMB CCL,Hartmann GA 1998,108 CCL,20,10:55,12:04,23217,FEB
RST ROMB CCL,Hartmann GA 1998,103 CCL,23,12:46,14:12,23497,FEB
RST ROMB CCL,Hartmann GA 1998,103 CCL,21,18:12,18:59,23480,FEB
RST ROMB CCL,Hartmann GA 1998,108 CCL,20,12:19,14:05,23515,FEB
RST ROMB CCL,Hartmann GA 1998,107 CCL,21,07:00,09:16,23777,FEB
RST ROMB CCL,Hartmann GA 1998,105 CCL,21,08:14,09:24,23923,FEB
RST ROMB CCL,Hartmann GA 1998,108 CCL,20,14:20,15:49,23155,FEB
RST ROMB CCL,Hartmann GA 1998,102 CCL,27,17:42,18:59,23576,FEB
RST ROMB CCL,Hartmann GA 1998,108 CCL,20,16:04,18:19,23979,FEB
RST ROMB CCL,Hartmann GA 1998,102 CCL,28,07:00,09:41,23658,FEB
RST ROMB CCL,Hartmann GA 1998,105 CCL,21,09:39,11:33,23692,FEB
RST ROMB CCL,Hartmann GA 1998,105 CCL,21,11:48,13:47,23162,FEB
RST ROMB CCL,Hartmann GA 1998,105 CCL,21,14:02,14:48,23469,FEB
RST ROMB CCL,Hartmann GA 1998,105 CCL,21,15:03,16:37,23740,FEB
RST ROMB CCL,Hartmann GA 1998,105 CCL,21,16:52,18:22,23252,FEB
RST ROMB CCL,Hartmann GA 1998,104 CCL,21,18:20,18:57,23933,FEB
RST ROMB CCL,Hartmann GA 1998,107 CCL,21,09:31,10:52,24005,FEB
RST ROMB CCL,Hartmann GA 1998,102 CCL,28,09:56,10:47,23444,FEB
RST ROMB CCL,Hartmann GA 1998,102 CCL,28,11:02,11:59,23337,FEB
RST ROMB CCL,Hartmann GA 1998,103 CCL,22,08:56,09:32,23289,FEB
RST ROMB CCL,Hartmann GA 1998,107 CCL,21,11:07,12:53,23557,FEB
RST ROMB CCL,Hartmann GA 1998,107 CCL,21,13:08,14:44,23863,FEB
RST ROMB CCL,Hartmann GA 1998,103 CCL,22,09:47,10:25,23201,FEB
RST ROMB CCL,Hartmann GA 1998,107 CCL,21,14:59,16:11,23375,FEB
RST ROMB CCL,Hartmann GA 1998,102 CCL,28,12:14,13:10,23167,FEB
RST ROMB CCL,Hartmann GA 1998,107 CCL,21,16:26,17:14,23215,FEB
RST ROMB CCL,Hartmann GA 1998,102 CCL,28,13:25,18:08,23729,FEB
RST ROMB CCL,Hartmann GA 1998,102 CCL,21,18:33,18:59,23200,FEB
RST ROMB CCL,Hartmann GA 1998,108 CCL,21,07:00,08:46,23753,FEB
RST ROMB CCL,Hartmann GA 1998,102 CCL,29,07:00,07:41,23768,FEB
RST ROMB CCL,Hartmann GA 1998,103 CCL,20,18:36,19:00,23758,FEB
RST ROMB CCL,Hartmann GA 1998,107 CCL,21,17:29,18:13,23648,FEB
RST ROMB CCL,Hartmann GA 1998,104 CCL,22,07:00,08:12,23164,FEB
RST ROMB CCL,Hartmann GA 1998,102 CCL,29,07:56,12:28,23911,FEB
RST ROMB CCL,Hartmann GA 1998,108 CCL,21,09:01,09:41,23260,FEB
RST ROMB CCL,Hartmann GA 1998,108 CCL,21,09:56,12:36,23657,FEB
RST ROMB CCL,Hartmann GA 1998,103 CCL,23,14:27,15:53,23148,FEB
RST ROMB CCL,Hartmann GA 1998,108 CCL,21,12:51,13:34,23494,FEB
RST ROMB CCL,Hartmann GA 1998,108 CCL,21,13:49,15:35,23637,FEB
RST ROMB CCL,Hartmann GA 1998,108 CCL,21,15:50,17:17,23349,FEB
RST ROMB CCL,Hartmann GA 1998,108 CCL,21,17:32,18:14,23590,FEB
RST ROMB CCL,Hartmann GA 1998,103 CCL,22,10:40,11:26,23184,FEB
RST ROMB CCL,Hartmann GA 1998,102 CCL,29,12:43,14:47,23950,FEB
RST ROMB CCL,Hartmann GA 1998,102 CCL,30,07:00,12:58,23728,FEB
RST ROMB CCL,Hartmann GA 1998,103 CCL,22,11:41,13:31,23534,FEB
RST ROMB CCL,Hartmann GA 1998,103 CCL,22,13:46,14:29,23513,FEB
RST ROMB CCL,Hartmann GA 1998,102 CCL,29,15:02,15:47,23537,FEB
RST ROMB CCL,Hartmann GA 1998,103 CCL,22,14:44,15:35,23778,FEB
RST ROMB CCL,Hartmann GA 1998,102 CCL,29,16:02,17:50,23761,FEB
RST ROMB CCL,Hartmann GA 1998,103 CCL,22,15:50,17:20,23914,FEB
RST ROMB CCL,Hartmann GA 1998,103 CCL,22,17:35,18:28,23309,FEB
RST ROMB CCL,Hartmann GA 1998,104 CCL,23,07:00,10:00,23358,FEB
RST ROMB CCL,Hartmann GA 1998,104 CCL,22,08:27,10:29,23522,FEB
RST ROMB CCL,Hartmann GA 1998,102 CCL,30,13:13,14:15,24007,FEB
RST ROMB CCL,Hartmann GA 1998,104 CCL,22,10:44,12:07,23802,FEB
RST ROMB CCL,Hartmann GA 1998,104 CCL,22,12:22,13:13,23821,FEB
RST ROMB CCL,Hartmann GA 1998,104 CCL,22,13:28,16:15,23560,FEB
RST ROMB CCL,Hartmann GA 1998,104 CCL,22,16:30,17:26,23424,FEB
RST ROMB CCL,Hartmann GA 1998,104 CCL,22,17:41,18:46,23948,FEB
RST ROMB CCL,Hartmann GA 1998,103 CCL,23,16:08,18:20,23263,FEB
RST ROMB CCL,Hartmann GA 1998,105 CCL,22,07:00,07:58,23779,FEB
RST ROMB CCL,Hartmann GA 1998,102 CCL,30,14:30,17:11,23210,FEB
RST ROMB CCL,Hartmann GA 1998,105 CCL,22,08:13,10:36,23814,FEB
RST ROMB CCL,Hartmann GA 1998,107 CCL,22,07:00,08:36,23618,FEB
RST ROMB CCL,Hartmann GA 1998,105 CCL,22,10:51,11:55,23287,FEB
RST ROMB CCL,Hartmann GA 1998,108 CCL,22,07:00,07:59,23841,FEB
RST ROMB CCL,Hartmann GA 1998,105 CCL,22,12:10,13:30,23381,FEB
RST ROMB CCL,Hartmann GA 1998,105 CCL,22,13:45,14:45,23727,FEB
RST ROMB CCL,Hartmann GA 1998,102 CCL,30,17:26,18:45,23608,FEB
RST ROMB CCL,Hartmann GA 1998,102 CCL,28,18:23,19:00,23524,FEB
RST ROMB CCL,Hartmann GA 1998,105 CCL,22,15:00,17:04,23688,FEB
RST ROMB CCL,Hartmann GA 1998,102 CCL,29,18:05,18:44,23992,FEB
RST ROMB CCL,Hartmann GA 1998,105 CCL,22,17:19,18:43,23800,FEB
RST ROMB CCL,Hartmann GA 1998,108 CCL,22,08:14,09:30,23357,FEB
RST ROMB CCL,Hartmann GA 1998,107 CCL,22,08:51,09:57,23734,FEB
RST ROMB CCL,Hartmann GA 1998,104 CCL,23,10:15,12:22,24051,FEB
RST ROMB CCL,Hartmann GA 1998,102 CCL,31,07:00,08:04,23996,FEB
RST ROMB CCL,Hartmann GA 1998,107 CCL,22,10:12,10:47,24000,FEB
RST ROMB CCL,Hartmann GA 1998,105 CCL,23,07:00,10:19,23168,FEB
RST ROMB HRS,Hartmann GA 2002,110 HRS,1,07:00,09:22,23000,JAN
RST ROMB HRS,Hartmann GA 2002,109 HRS,1,07:00,15:51,22794,JAN
RST ROMB HRS,Hartmann GA 2002,106 HRS,1,07:00,11:22,22816,JAN
RST ROMB HRS,Hartmann GA 2002,110 HRS,1,09:37,14:47,22490,JAN
RST ROMB HRS,Hartmann GA 2002,106 HRS,1,11:37,14:48,23061,JAN
RST ROMB HRS,Hartmann GA 2002,111 HRS,1,07:00,11:20,22978,JAN
RST ROMB HRS,Hartmann GA 2002,111 HRS,1,11:35,19:00,22319,JAN
RST ROMB HRS,Hartmann GA 2002,112 HRS,1,07:00,15:31,22562,JAN
RST ROMB HRS,Hartmann GA 2002,110 HRS,1,15:02,16:05,22297,JAN
RST ROMB HRS,Hartmann GA 2002,110 HRS,1,16:20,17:00,22188,JAN
RST ROMB HRS,Hartmann GA 2002,106 HRS,2,07:00,14:59,22904,JAN
RST ROMB HRS,Hartmann GA 2002,114 HRS,1,07:00,11:31,22192,JAN
RST ROMB HRS,Hartmann GA 2002,109 HRS,2,07:00,14:40,22560,JAN
RST ROMB HRS,Hartmann GA 2002,112 HRS,1,15:46,17:53,22676,JAN
RST ROMB HRS,Hartmann GA 2002,115 HRS,1,07:00,11:35,22935,JAN
RST ROMB HRS,Hartmann GA 2002,110 HRS,1,17:15,18:38,22597,JAN
RST ROMB HRS,Hartmann GA 2002,114 HRS,1,11:46,16:14,22558,JAN
RST ROMB HRS,Hartmann GA 2002,115 HRS,1,11:50,15:10,22437,JAN
RST ROMB HRS,Hartmann GA 2002,114 HRS,1,16:29,17:30,22346,JAN
RST ROMB HRS,Hartmann GA 2002,115 HRS,1,15:25,16:47,22944,JAN
RST ROMB HRS,Hartmann GA 2002,106 HRS,3,07:00,11:24,22722,JAN
RST ROMB HRS,Hartmann GA 2002,110 HRS,2,07:00,09:40,22512,JAN
RST ROMB HRS,Hartmann GA 2002,110 HRS,2,09:55,13:29,22989,JAN
RST ROMB HRS,Hartmann GA 2002,115 HRS,1,17:02,18:20,22640,JAN
RST ROMB HRS,Hartmann GA 2002,114 HRS,1,17:45,18:52,22693,JAN
RST ROMB HRS,Hartmann GA 2002,109 HRS,1,16:06,17:28,22638,JAN
RST ROMB HRS,Hartmann GA 2002,116 HRS,1,07:00,09:04,23068,JAN
RST ROMB HRS,Hartmann GA 2002,116 HRS,1,09:19,11:17,23050,JAN
RST ROMB HRS,Hartmann GA 2002,110 HRS,2,13:44,15:02,22179,JAN
RST ROMB HRS,Hartmann GA 2002,116 HRS,1,11:32,15:22,22299,JAN
RST ROMB HRS,Hartmann GA 2002,116 HRS,1,15:37,17:18,22709,JAN
RST ROMB HRS,Hartmann GA 2002,110 HRS,2,15:17,17:59,22591,JAN
RST ROMB HRS,Hartmann GA 2002,116 HRS,1,17:33,18:33,22988,JAN
RST ROMB HRS,Hartmann GA 2002,111 HRS,2,07:00,10:14,22617,JAN
RST ROMB HRS,Hartmann GA 2002,111 HRS,2,10:29,15:52,22217,JAN
RST ROMB HRS,Hartmann GA 2002,111 HRS,2,16:07,18:16,22828,JAN
RST ROMB HRS,Hartmann GA 2002,112 HRS,2,07:00,11:54,22745,JAN
RST ROMB HRS,Hartmann GA 2002,112 HRS,2,12:09,15:34,22552,JAN
RST ROMB HRS,Hartmann GA 2002,112 HRS,2,15:49,17:17,22281,JAN
RST ROMB HRS,Hartmann GA 2002,114 HRS,2,07:00,08:19,22363,JAN
RST ROMB HRS,Hartmann GA 2002,109 HRS,2,14:55,17:00,22714,JAN
RST ROMB HRS,Hartmann GA 2002,114 HRS,2,08:34,09:50,22814,JAN
RST ROMB HRS,Hartmann GA 2002,109 HRS,3,07:00,14:38,22269,JAN
RST ROMB HRS,Hartmann GA 2002,112 HRS,2,17:32,18:42,22271,JAN
RST ROMB HRS,Hartmann GA 2002,110 HRS,3,07:00,09:25,22839,JAN
RST ROMB HRS,Hartmann GA 2002,114 HRS,2,10:05,11:05,23129,JAN
RST ROMB HRS,Hartmann GA 2002,114 HRS,2,11:20,13:33,22777,JAN
RST ROMB HRS,Hartmann GA 2002,114 HRS,2,13:48,15:55,22203,JAN
RST ROMB HRS,Hartmann GA 2002,109 HRS,4,07:00,15:36,22182,JAN
RST ROMB HRS,Hartmann GA 2002,106 HRS,1,15:03,16:08,22378,JAN
RST ROMB HRS,Hartmann GA 2002,114 HRS,2,16:10,17:22,22987,JAN
RST ROMB HRS,Hartmann GA 2002,114 HRS,2,17:37,18:45,22694,JAN
RST ROMB HRS,Hartmann GA 2002,106 HRS,2,15:14,18:32,22229,JAN
RST ROMB HRS,Hartmann GA 2002,115 HRS,2,07:00,09:30,22553,JAN
RST ROMB HRS,Hartmann GA 2002,110 HRS,4,07:00,11:49,22445,JAN
RST ROMB HRS,Hartmann GA 2002,106 HRS,1,16:23,17:59,22971,JAN
RST ROMB HRS,Hartmann GA 2002,116 HRS,2,07:00,07:31,22468,JAN
RST ROMB HRS,Hartmann GA 2002,115 HRS,2,09:45,17:04,22544,JAN
RST ROMB HRS,Hartmann GA 2002,116 HRS,2,07:46,10:37,22513,JAN
RST ROMB HRS,Hartmann GA 2002,116 HRS,2,10:52,16:44,22706,JAN
RST ROMB HRS,Hartmann GA 2002,110 HRS,3,09:40,14:31,22699,JAN
RST ROMB HRS,Hartmann GA 2002,111 HRS,3,07:00,12:28,22364,JAN
RST ROMB HRS,Hartmann GA 2002,110 HRS,3,14:46,18:02,23099,JAN
RST ROMB HRS,Hartmann GA 2002,111 HRS,3,12:43,15:35,22293,JAN
RST ROMB HRS,Hartmann GA 2002,111 HRS,3,15:50,18:00,22357,JAN
RST ROMB HRS,Hartmann GA 2002,110 HRS,5,07:00,10:50,22998,JAN
RST ROMB HRS,Hartmann GA 2002,112 HRS,3,07:00,09:59,22687,JAN
RST ROMB HRS,Hartmann GA 2002,112 HRS,3,10:14,13:13,22934,JAN
RST ROMB HRS,Hartmann GA 2002,112 HRS,3,13:28,15:21,22822,JAN
RST ROMB HRS,Hartmann GA 2002,106 HRS,3,11:39,15:47,22418,JAN
RST ROMB HRS,Hartmann GA 2002,114 HRS,3,07:00,11:03,22399,JAN
RST ROMB HRS,Hartmann GA 2002,112 HRS,3,15:36,18:30,22810,JAN
RST ROMB HRS,Hartmann GA 2002,106 HRS,4,07:00,14:53,22611,JAN
RST ROMB HRS,Hartmann GA 2002,110 HRS,4,12:04,14:44,22511,JAN
RST ROMB HRS,Hartmann GA 2002,114 HRS,3,11:18,12:58,23131,JAN
RST ROMB HRS,Hartmann GA 2002,115 HRS,2,17:19,18:54,22228,JAN
RST ROMB HRS,Hartmann GA 2002,114 HRS,3,13:13,17:36,23116,JAN
RST ROMB HRS,Hartmann GA 2002,111 HRS,4,07:00,12:29,22815,JAN
RST ROMB HRS,Hartmann GA 2002,115 HRS,3,07:00,08:11,22731,JAN
RST ROMB HRS,Hartmann GA 2002,110 HRS,4,14:59,18:39,22585,JAN
RST ROMB HRS,Hartmann GA 2002,115 HRS,3,08:26,10:38,23048,JAN
RST ROMB HRS,Hartmann GA 2002,109 HRS,2,17:15,18:38,22527,JAN
RST ROMB HRS,Hartmann GA 2002,106 HRS,4,15:08,18:25,22424,JAN
RST ROMB HRS,Hartmann GA 2002,115 HRS,3,10:53,14:16,22206,JAN
RST ROMB HRS,Hartmann GA 2002,115 HRS,3,14:31,16:15,22310,JAN
RST ROMB HRS,Hartmann GA 2002,116 HRS,3,07:00,10:20,22928,JAN
RST ROMB HRS,Hartmann GA 2002,111 HRS,4,12:44,15:50,23109,JAN
RST ROMB HRS,Hartmann GA 2002,112 HRS,4,07:00,11:32,22882,JAN
RST ROMB HRS,Hartmann GA 2002,110 HRS,5,11:05,16:36,22529,JAN
RST ROMB HRS,Hartmann GA 2002,116 HRS,2,16:59,18:17,22846,JAN
RST ROMB HRS,Hartmann GA 2002,111 HRS,4,16:05,18:39,22436,JAN
RST ROMB HRS,Hartmann GA 2002,110 HRS,5,16:51,18:46,22379,JAN
RST ROMB HRS,Hartmann GA 2002,115 HRS,3,16:30,17:52,22423,JAN
RST ROMB HRS,Hartmann GA 2002,116 HRS,3,10:35,14:44,22967,JAN
RST ROMB HRS,Hartmann GA 2002,112 HRS,1,18:08,18:58,22311,JAN
RST ROMB HRS,Hartmann GA 2002,106 HRS,5,07:00,13:08,22444,JAN
RST ROMB HRS,Hartmann GA 2002,111 HRS,5,07:00,09:46,22869,JAN
RST ROMB HRS,Hartmann GA 2002,116 HRS,3,14:59,16:34,22690,JAN
RST ROMB HRS,Hartmann GA 2002,111 HRS,5,10:01,13:26,22897,JAN
RST ROMB HRS,Hartmann GA 2002,112 HRS,4,11:47,12:51,22391,JAN
RST ROMB HRS,Hartmann GA 2002,114 HRS,4,07:00,10:57,22939,JAN
RST ROMB HRS,Hartmann GA 2002,110 HRS,3,18:17,18:58,22809,JAN
RST ROMB HRS,Hartmann GA 2002,112 HRS,4,13:06,15:34,22656,JAN
RST ROMB HRS,Hartmann GA 2002,106 HRS,5,13:23,17:05,22191,JAN
RST ROMB HRS,Hartmann GA 2002,116 HRS,3,16:49,18:25,22751,JAN
RST ROMB HRS,Hartmann GA 2002,106 HRS,3,16:02,18:46,23062,JAN
RST ROMB HRS,Hartmann GA 2002,106 HRS,6,07:00,10:33,22930,JAN
RST ROMB HRS,Hartmann GA 2002,109 HRS,3,14:53,17:35,22653,JAN
RST ROMB HRS,Hartmann GA 2002,111 HRS,5,13:41,14:34,22464,JAN
RST ROMB HRS,Hartmann GA 2002,115 HRS,4,07:00,12:23,22443,JAN
RST ROMB HRS,Hartmann GA 2002,112 HRS,4,15:49,18:41,22333,JAN
RST ROMB HRS,Hartmann GA 2002,111 HRS,5,14:49,16:41,23112,JAN
RST ROMB HRS,Hartmann GA 2002,116 HRS,4,07:00,09:01,23101,JAN
RST ROMB HRS,Hartmann GA 2002,110 HRS,6,07:00,10:29,22856,JAN
RST ROMB HRS,Hartmann GA 2002,115 HRS,4,12:38,13:28,22762,JAN
RST ROMB HRS,Hartmann GA 2002,111 HRS,5,16:56,18:27,22991,JAN
RST ROMB HRS,Hartmann GA 2002,106 HRS,5,17:20,18:15,22377,JAN
RST ROMB HRS,Hartmann GA 2002,114 HRS,4,11:12,13:19,22922,JAN
RST ROMB HRS,Hartmann GA 2002,114 HRS,4,13:34,18:36,22302,JAN
RST ROMB HRS,Hartmann GA 2002,109 HRS,4,15:51,18:08,23003,JAN
RST ROMB HRS,Hartmann GA 2002,116 HRS,4,09:16,11:47,22337,JAN
RST ROMB HRS,Hartmann GA 2002,115 HRS,4,13:43,17:22,22719,JAN
RST ROMB HRS,Hartmann GA 2002,112 HRS,5,07:00,09:53,23052,JAN
RST ROMB HRS,Hartmann GA 2002,116 HRS,4,12:02,16:48,22966,JAN
RST ROMB HRS,Hartmann GA 2002,106 HRS,6,10:48,14:40,22798,JAN
RST ROMB HRS,Hartmann GA 2002,114 HRS,5,07:00,09:51,22582,JAN
RST ROMB HRS,Hartmann GA 2002,110 HRS,6,10:44,13:39,22460,JAN
RST ROMB HRS,Hartmann GA 2002,112 HRS,5,10:08,16:56,22359,JAN
RST ROMB HRS,Hartmann GA 2002,110 HRS,6,13:54,16:31,22246,JAN
RST ROMB HRS,Hartmann GA 2002,110 HRS,6,16:46,17:54,22787,JAN
RST ROMB HRS,Hartmann GA 2002,114 HRS,5,10:06,13:28,22305,JAN
RST ROMB HRS,Hartmann GA 2002,114 HRS,5,13:43,15:56,22633,JAN
RST ROMB HRS,Hartmann GA 2002,109 HRS,5,07:00,10:25,22420,JAN
RST ROMB HRS,Hartmann GA 2002,115 HRS,5,07:00,09:53,22329,JAN
RST ROMB HRS,Hartmann GA 2002,115 HRS,5,10:08,12:51,23024,JAN
RST ROMB HRS,Hartmann GA 2002,116 HRS,4,17:03,18:53,22543,JAN
RST ROMB HRS,Hartmann GA 2002,111 HRS,6,07:00,09:04,22207,JAN
RST ROMB HRS,Hartmann GA 2002,115 HRS,5,13:06,17:26,22889,JAN
RST ROMB HRS,Hartmann GA 2002,112 HRS,5,17:11,18:55,22454,JAN
RST ROMB HRS,Hartmann GA 2002,106 HRS,6,14:55,17:06,22642,JAN
RST ROMB HRS,Hartmann GA 2002,114 HRS,5,16:11,18:27,22972,JAN
RST ROMB HRS,Hartmann GA 2002,116 HRS,5,07:00,09:40,22515,JAN
RST ROMB HRS,Hartmann GA 2002,116 HRS,5,09:55,13:27,22840,JAN
RST ROMB HRS,Hartmann GA 2002,116 HRS,5,13:42,16:31,23123,JAN
RST ROMB HRS,Hartmann GA 2002,109 HRS,7,07:00,12:47,22463,JAN
RST ROMB HRS,Hartmann GA 2002,110 HRS,2,18:14,18:44,22918,JAN
RST ROMB HRS,Hartmann GA 2002,116 HRS,5,16:46,18:22,23092,JAN
RST ROMB HRS,Hartmann GA 2002,112 HRS,6,07:00,09:10,22467,JAN
RST ROMB HRS,Hartmann GA 2002,111 HRS,6,09:19,11:04,22627,JAN
RST ROMB HRS,Hartmann GA 2002,106 HRS,7,07:00,13:13,23021,JAN
RST ROMB HRS,Hartmann GA 2002,112 HRS,6,09:25,13:11,23053,JAN
RST ROMB HRS,Hartmann GA 2002,111 HRS,6,11:19,15:20,22911,JAN
RST ROMB HRS,Hartmann GA 2002,111 HRS,3,18:15,18:48,23139,JAN
RST ROMB HRS,Hartmann GA 2002,111 HRS,6,15:35,17:56,22893,JAN
RST ROMB HRS,Hartmann GA 2002,112 HRS,6,13:26,17:05,22270,JAN
RST ROMB HRS,Hartmann GA 2002,109 HRS,7,13:02,17:32,23111,JAN
RST ROMB HRS,Hartmann GA 2002,115 HRS,4,17:37,18:23,22951,JAN
RST ROMB HRS,Hartmann GA 2002,115 HRS,5,17:41,18:55,23016,JAN
RST ROMB HRS,Hartmann GA 2002,109 HRS,6,07:00,09:50,22744,JAN
RST ROMB HRS,Hartmann GA 2002,109 HRS,8,07:00,12:57,22968,JAN
RST ROMB HRS,Hartmann GA 2002,109 HRS,9,07:00,18:27,22349,JAN
RST ROMB HRS,Hartmann GA 2002,110 HRS,7,07:00,10:46,23025,JAN
RST ROMB HRS,Hartmann GA 2002,110 HRS,8,07:00,08:46,22427,JAN
RST ROMB HRS,Hartmann GA 2002,114 HRS,6,07:00,11:29,22238,JAN
RST ROMB HRS,Hartmann GA 2002,114 HRS,6,11:44,15:56,22408,JAN
RST ROMB HRS,Hartmann GA 2002,114 HRS,6,16:11,17:55,22451,JAN
RST ROMB HRS,Hartmann GA 2002,106 HRS,7,13:28,15:50,22669,JAN
RST ROMB HRS,Hartmann GA 2002,115 HRS,6,07:00,09:22,22652,JAN
RST ROMB HRS,Hartmann GA 2002,110 HRS,7,11:01,16:56,22263,JAN
RST ROMB HRS,Hartmann GA 2002,111 HRS,7,07:00,09:13,23006,JAN
RST ROMB HRS,Hartmann GA 2002,110 HRS,8,09:01,12:27,22521,JAN
RST ROMB HRS,Hartmann GA 2002,110 HRS,8,12:42,14:34,22711,JAN
RST ROMB HRS,Hartmann GA 2002,115 HRS,6,09:37,13:16,22169,JAN
RST ROMB HRS,Hartmann GA 2002,112 HRS,6,17:20,18:45,22195,JAN
RST ROMB HRS,Hartmann GA 2002,116 HRS,6,07:00,09:27,23133,JAN
RST ROMB HRS,Hartmann GA 2002,111 HRS,7,09:28,12:08,22590,JAN
RST ROMB HRS,Hartmann GA 2002,110 HRS,7,17:11,18:34,22406,JAN
RST ROMB HRS,Hartmann GA 2002,115 HRS,6,13:31,18:38,22864,JAN
RST ROMB HRS,Hartmann GA 2002,110 HRS,8,14:49,17:35,22541,JAN
RST ROMB HRS,Hartmann GA 2002,111 HRS,7,12:23,13:40,22242,JAN
RST ROMB HRS,Hartmann GA 2002,109 HRS,6,10:05,14:07,23033,JAN
RST ROMB HRS,Hartmann GA 2002,109 HRS,5,10:40,12:33,22484,JAN
RST ROMB HRS,Hartmann GA 2002,114 HRS,3,17:51,18:31,22187,JAN
RST ROMB HRS,Hartmann GA 2002,109 HRS,8,13:12,17:05,22743,JAN
RST ROMB HRS,Hartmann GA 2002,116 HRS,6,09:42,10:52,23020,JAN
RST ROMB HRS,Hartmann GA 2002,116 HRS,6,11:07,13:06,22388,JAN
RST ROMB HRS,Hartmann GA 2002,116 HRS,6,13:21,17:20,23014,JAN
RST ROMB HRS,Hartmann GA 2002,115 HRS,1,18:35,18:59,22836,JAN
RST ROMB HRS,Hartmann GA 2002,111 HRS,7,13:55,15:21,23076,JAN
RST ROMB HRS,Hartmann GA 2002,109 HRS,10,07:00,12:30,22650,JAN
RST ROMB HRS,Hartmann GA 2002,106 HRS,8,07:00,14:56,22389,JAN
RST ROMB HRS,Hartmann GA 2002,111 HRS,7,15:36,17:21,23002,JAN
RST ROMB HRS,Hartmann GA 2002,111 HRS,8,07:00,08:58,22584,JAN
RST ROMB HRS,Hartmann GA 2002,111 HRS,8,09:13,14:09,23017,JAN
RST ROMB HRS,Hartmann GA 2002,109 HRS,6,14:22,18:40,22244,JAN
RST ROMB HRS,Hartmann GA 2002,112 HRS,7,07:00,08:33,22233,JAN
RST ROMB HRS,Hartmann GA 2002,116 HRS,1,18:48,19:00,22885,JAN
RST ROMB HRS,Hartmann GA 2002,112 HRS,7,08:48,11:12,22546,JAN
RST ROMB HRS,Hartmann GA 2002,112 HRS,7,11:27,15:31,22371,JAN
RST ROMB HRS,Hartmann GA 2002,106 HRS,9,07:00,11:40,22749,JAN
RST ROMB HRS,Hartmann GA 2002,114 HRS,7,07:00,12:28,22785,JAN
RST ROMB HRS,Hartmann GA 2002,116 HRS,6,17:35,18:39,22914,JAN
RST ROMB HRS,Hartmann GA 2002,114 HRS,7,12:43,18:12,22916,JAN
RST ROMB HRS,Hartmann GA 2002,109 HRS,11,07:00,15:21,22604,JAN
RST ROMB HRS,Hartmann GA 2002,110 HRS,9,07:00,09:34,22614,JAN
RST ROMB HRS,Hartmann GA 2002,111 HRS,8,14:24,18:01,22657,JAN
RST ROMB HRS,Hartmann GA 2002,115 HRS,7,07:00,08:58,23069,JAN
RST ROMB HRS,Hartmann GA 2002,112 HRS,7,15:46,18:19,22619,JAN
RST ROMB HRS,Hartmann GA 2002,106 HRS,7,16:05,18:17,22583,JAN
RST ROMB HRS,Hartmann GA 2002,110 HRS,9,09:49,12:04,22732,JAN
RST ROMB HRS,Hartmann GA 2002,112 HRS,8,07:00,13:22,22772,JAN
RST ROMB HRS,Hartmann GA 2002,111 HRS,7,17:36,18:45,22365,JAN
RST ROMB HRS,Hartmann GA 2002,111 HRS,2,18:31,18:55,23140,JAN
RST ROMB HRS,Hartmann GA 2002,115 HRS,7,09:13,10:43,22417,JAN
RST ROMB HRS,Hartmann GA 2002,116 HRS,7,07:00,09:11,22478,JAN
RST ROMB HRS,Hartmann GA 2002,115 HRS,7,10:58,14:26,22516,JAN
RST ROMB HRS,Hartmann GA 2002,116 HRS,7,09:26,14:53,22303,JAN
RST ROMB HRS,Hartmann GA 2002,112 HRS,8,13:37,15:15,23090,JAN
RST ROMB HRS,Hartmann GA 2002,114 HRS,8,07:00,11:35,22446,JAN
RST ROMB HRS,Hartmann GA 2002,115 HRS,7,14:41,18:09,22750,JAN
RST ROMB HRS,Hartmann GA 2002,109 HRS,12,07:00,15:10,22531,JAN
RST ROMB HRS,Hartmann GA 2002,116 HRS,7,15:08,18:23,22896,JAN
RST ROMB HRS,Hartmann GA 2002,106 HRS,9,11:55,16:39,22672,JAN
RST ROMB HRS,Hartmann GA 2002,115 HRS,7,18:24,19:00,22194,JAN
RST ROMB HRS,Hartmann GA 2002,115 HRS,8,07:00,08:14,22679,JAN
RST ROMB HRS,Hartmann GA 2002,116 HRS,2,18:32,18:52,22734,JAN
RST ROMB HRS,Hartmann GA 2002,112 HRS,8,15:30,17:14,22514,JAN
RST ROMB HRS,Hartmann GA 2002,114 HRS,8,11:50,13:39,22442,JAN
RST ROMB HRS,Hartmann GA 2002,110 HRS,9,12:19,17:51,22411,JAN
RST ROMB HRS,Hartmann GA 2002,109 HRS,5,12:48,15:06,22241,JAN
RST ROMB HRS,Hartmann GA 2002,114 HRS,8,13:54,16:51,23143,JAN
RST ROMB HRS,Hartmann GA 2002,109 HRS,10,12:45,18:45,22301,JAN
RST ROMB HRS,Hartmann GA 2002,115 HRS,8,08:29,11:23,22955,JAN
RST ROMB HRS,Hartmann GA 2002,109 HRS,11,15:36,18:28,22886,JAN
RST ROMB HRS,Hartmann GA 2002,106 HRS,10,07:00,12:41,22312,JAN
RST ROMB HRS,Hartmann GA 2002,116 HRS,8,07:00,09:40,23049,JAN
RST ROMB HRS,Hartmann GA 2002,106 HRS,8,15:11,16:30,22494,JAN
RST ROMB HRS,Hartmann GA 2002,110 HRS,8,17:50,19:00,23113,JAN
RST ROMB HRS,Hartmann GA 2002,106 HRS,8,16:45,17:58,22733,JAN
RST ROMB HRS,Hartmann GA 2002,106 HRS,10,12:56,17:36,22230,JAN
RST ROMB HRS,Hartmann GA 2002,111 HRS,9,07:00,09:41,22761,JAN
RST ROMB HRS,Hartmann GA 2002,114 HRS,8,17:06,18:41,22647,JAN
RST ROMB HRS,Hartmann GA 2002,115 HRS,8,11:38,13:25,22848,JAN
RST ROMB HRS,Hartmann GA 2002,109 HRS,5,15:21,17:15,22717,JAN
RST ROMB HRS,Hartmann GA 2002,106 HRS,11,07:00,11:58,22964,JAN
RST ROMB HRS,Hartmann GA 2002,106 HRS,11,12:13,18:09,22522,JAN
RST ROMB HRS,Hartmann GA 2002,109 HRS,8,17:20,18:48,22316,JAN
RST ROMB HRS,Hartmann GA 2002,111 HRS,9,09:56,11:19,22328,JAN
RST ROMB HRS,Hartmann GA 2002,111 HRS,9,11:34,16:01,22395,JAN
RST ROMB HRS,Hartmann GA 2002,109 HRS,13,07:00,17:11,22841,JAN
RST ROMB HRS,Hartmann GA 2002,115 HRS,8,13:40,15:08,22410,JAN
RST ROMB HRS,Hartmann GA 2002,109 HRS,12,15:25,17:23,22704,JAN
RST ROMB HRS,Hartmann GA 2002,106 HRS,12,07:00,11:35,23107,JAN
RST ROMB HRS,Hartmann GA 2002,109 HRS,14,07:00,10:12,22482,JAN
RST ROMB HRS,Hartmann GA 2002,115 HRS,8,15:23,17:01,23066,JAN
RST ROMB HRS,Hartmann GA 2002,116 HRS,8,09:55,11:24,22876,JAN
RST ROMB HRS,Hartmann GA 2002,115 HRS,3,18:07,18:43,22336,JAN
RST ROMB HRS,Hartmann GA 2002,112 HRS,9,07:00,12:00,22818,JAN
RST ROMB HRS,Hartmann GA 2002,112 HRS,9,12:15,17:02,22205,JAN
RST ROMB HRS,Hartmann GA 2002,110 HRS,10,07:00,11:47,22485,JAN
RST ROMB HRS,Hartmann GA 2002,110 HRS,10,12:02,15:25,22862,JAN
RST ROMB HRS,Hartmann GA 2002,111 HRS,9,16:16,18:34,23051,JAN
RST ROMB HRS,Hartmann GA 2002,114 HRS,9,07:00,08:38,23045,JAN
RST ROMB HRS,Hartmann GA 2002,110 HRS,10,15:40,18:40,22547,JAN
RST ROMB HRS,Hartmann GA 2002,111 HRS,10,07:00,09:04,23122,JAN
RST ROMB HRS,Hartmann GA 2002,111 HRS,10,09:19,14:13,22218,JAN
RST ROMB HRS,Hartmann GA 2002,116 HRS,8,11:39,13:33,22284,JAN
RST ROMB HRS,Hartmann GA 2002,116 HRS,8,13:48,18:06,22705,JAN
RST ROMB HRS,Hartmann GA 2002,114 HRS,9,08:53,12:34,22931,JAN
RST ROMB HRS,Hartmann GA 2002,114 HRS,9,12:49,16:00,22247,JAN
RST ROMB HRS,Hartmann GA 2002,114 HRS,9,16:15,18:07,22691,JAN
RST ROMB HRS,Hartmann GA 2002,115 HRS,9,07:00,08:56,22279,JAN
RST ROMB HRS,Hartmann GA 2002,106 HRS,12,11:50,18:30,22574,JAN
RST ROMB HRS,Hartmann GA 2002,111 HRS,10,14:28,17:07,22648,JAN
RST ROMB HRS,Hartmann GA 2002,115 HRS,9,09:11,13:38,22837,JAN
RST ROMB HRS,Hartmann GA 2002,110 HRS,11,07:00,09:53,22641,JAN
RST ROMB HRS,Hartmann GA 2002,115 HRS,9,13:53,18:41,22741,JAN
RST ROMB HRS,Hartmann GA 2002,109 HRS,14,10:27,15:43,23064,JAN
RST ROMB HRS,Hartmann GA 2002,116 HRS,9,07:00,10:29,22609,JAN
RST ROMB HRS,Hartmann GA 2002,116 HRS,9,10:44,14:53,22465,JAN
RST ROMB HRS,Hartmann GA 2002,110 HRS,11,10:08,13:58,22670,JAN
RST ROMB HRS,Hartmann GA 2002,112 HRS,8,17:29,18:46,22186,JAN
RST ROMB HRS,Hartmann GA 2002,110 HRS,11,14:13,18:38,22677,JAN
RST ROMB HRS,Hartmann GA 2002,116 HRS,9,15:08,18:24,22811,JAN
RST ROMB HRS,Hartmann GA 2002,115 HRS,8,17:16,18:35,22607,JAN
RST ROMB HRS,Hartmann GA 2002,112 HRS,9,17:17,18:42,22629,JAN
RST ROMB HRS,Hartmann GA 2002,112 HRS,10,07:00,08:55,22287,JAN
RST ROMB HRS,Hartmann GA 2002,106 HRS,13,07:00,11:08,22838,JAN
RST ROMB HRS,Hartmann GA 2002,110 HRS,6,18:09,18:56,22334,JAN
RST ROMB HRS,Hartmann GA 2002,109 HRS,15,07:00,11:11,22881,JAN
RST ROMB HRS,Hartmann GA 2002,106 HRS,13,11:23,15:29,22766,JAN
RST ROMB HRS,Hartmann GA 2002,112 HRS,10,09:10,14:11,22348,JAN
RST ROMB HRS,Hartmann GA 2002,112 HRS,10,14:26,16:43,22276,JAN
RST ROMB HRS,Hartmann GA 2002,111 HRS,11,07:00,09:56,22688,JAN
RST ROMB HRS,Hartmann GA 2002,114 HRS,10,07:00,09:04,22428,JAN
RST ROMB HRS,Hartmann GA 2002,111 HRS,10,17:22,18:58,22530,JAN
RST ROMB HRS,Hartmann GA 2002,111 HRS,11,10:11,13:23,22338,JAN
RST ROMB HRS,Hartmann GA 2002,112 HRS,10,16:58,17:56,22556,JAN
RST ROMB HRS,Hartmann GA 2002,112 HRS,11,07:00,08:17,22797,JAN
RST ROMB HRS,Hartmann GA 2002,114 HRS,10,09:19,10:52,22404,JAN
RST ROMB HRS,Hartmann GA 2002,112 HRS,11,08:32,09:54,22251,JAN
RST ROMB HRS,Hartmann GA 2002,111 HRS,11,13:38,16:33,22517,JAN
RST ROMB HRS,Hartmann GA 2002,112 HRS,11,10:09,12:24,22581,JAN
RST ROMB HRS,Hartmann GA 2002,114 HRS,10,11:07,14:34,22170,JAN
RST ROMB HRS,Hartmann GA 2002,109 HRS,15,11:26,15:13,23032,JAN
RST ROMB HRS,Hartmann GA 2002,115 HRS,10,07:00,08:26,22343,JAN
RST ROMB HRS,Hartmann GA 2002,109 HRS,16,07:00,12:39,22397,JAN
RST ROMB HRS,Hartmann GA 2002,114 HRS,10,14:49,18:02,22264,JAN
RST ROMB HRS,Hartmann GA 2002,112 HRS,11,12:39,18:50,22884,JAN
RST ROMB HRS,Hartmann GA 2002,114 HRS,11,07:00,14:30,22620,JAN
RST ROMB HRS,Hartmann GA 2002,106 HRS,14,07:00,10:59,23104,JAN
RST ROMB HRS,Hartmann GA 2002,116 HRS,10,07:00,10:14,22748,JAN
RST ROMB HRS,Hartmann GA 2002,110 HRS,12,07:00,11:22,22965,JAN
RST ROMB HRS,Hartmann GA 2002,110 HRS,12,11:37,13:05,22663,JAN
RST ROMB HRS,Hartmann GA 2002,111 HRS,11,16:48,18:57,22875,JAN
RST ROMB HRS,Hartmann GA 2002,109 HRS,14,15:58,18:56,22933,JAN
RST ROMB HRS,Hartmann GA 2002,115 HRS,10,08:41,09:55,22730,JAN
RST ROMB HRS,Hartmann GA 2002,110 HRS,12,13:20,15:41,22259,JAN
RST ROMB HRS,Hartmann GA 2002,115 HRS,10,10:10,12:42,22554,JAN
RST ROMB HRS,Hartmann GA 2002,115 HRS,10,12:57,14:23,22549,JAN
RST ROMB HRS,Hartmann GA 2002,115 HRS,10,14:38,16:59,23086,JAN
RST ROMB HRS,Hartmann GA 2002,106 HRS,1,18:14,18:56,23544,FEB
RST ROMB HRS,Hartmann GA 2002,109 HRS,1,17:43,17:57,23348,FEB
RST ROMB HRS,Hartmann GA 2002,111 HRS,6,18:11,18:55,24059,FEB
RST ROMB HRS,Hartmann GA 2002,114 HRS,6,18:10,18:45,23207,FEB
RST ROMB HRS,Hartmann GA 2002,114 HRS,7,18:27,18:54,23572,FEB
RST ROMB HRS,Hartmann GA 2002,109 HRS,7,17:47,19:00,23355,FEB
RST ROMB HRS,Hartmann GA 2002,111 HRS,8,18:16,18:58,23286,FEB
RST ROMB HRS,Hartmann GA 2002,116 HRS,8,18:21,18:58,23160,FEB
RST ROMB HRS,Hartmann GA 2002,110 HRS,9,18:06,19:00,23550,FEB
RST ROMB HRS,Hartmann GA 2002,114 HRS,9,18:22,19:00,23470,FEB
RST ROMB HRS,Hartmann GA 2002,116 HRS,10,10:29,14:46,23651,FEB
RST ROMB HRS,Hartmann GA 2002,115 HRS,10,17:14,18:52,23745,FEB
RST ROMB HRS,Hartmann GA 2002,116 HRS,10,15:01,16:44,24054,FEB
RST ROMB HRS,Hartmann GA 2002,116 HRS,10,16:59,18:08,23955,FEB
RST ROMB HRS,Hartmann GA 2002,112 HRS,10,18:11,18:45,23437,FEB
RST ROMB HRS,Hartmann GA 2002,114 HRS,10,18:17,18:49,23599,FEB
RST ROMB HRS,Hartmann GA 2002,116 HRS,10,18:23,18:56,23169,FEB
RST ROMB HRS,Hartmann GA 2002,115 HRS,11,07:00,13:04,23981,FEB
RST ROMB HRS,Hartmann GA 2002,114 HRS,11,14:45,17:14,23973,FEB
RST ROMB HRS,Hartmann GA 2002,115 HRS,11,13:19,16:23,23885,FEB
RST ROMB HRS,Hartmann GA 2002,114 HRS,11,17:29,18:42,23398,FEB
RST ROMB HRS,Hartmann GA 2002,116 HRS,11,07:00,09:52,24014,FEB
RST ROMB HRS,Hartmann GA 2002,116 HRS,11,10:07,11:15,23691,FEB
RST ROMB HRS,Hartmann GA 2002,116 HRS,11,11:30,13:58,23953,FEB
RST ROMB HRS,Hartmann GA 2002,115 HRS,11,16:38,18:55,23724,FEB
RST ROMB HRS,Hartmann GA 2002,116 HRS,11,14:13,15:40,23918,FEB
RST ROMB HRS,Hartmann GA 2002,116 HRS,11,15:55,17:53,23659,FEB
RST ROMB HRS,Hartmann GA 2002,116 HRS,11,18:08,18:45,23620,FEB
RST ROMB HRS,Hartmann GA 2002,111 HRS,12,07:00,15:01,23698,FEB
RST ROMB HRS,Hartmann GA 2002,110 HRS,12,15:56,18:02,23488,FEB
RST ROMB HRS,Hartmann GA 2002,112 HRS,12,07:00,11:20,23782,FEB
RST ROMB HRS,Hartmann GA 2002,111 HRS,12,15:16,17:45,23543,FEB
RST ROMB HRS,Hartmann GA 2002,112 HRS,12,11:35,16:45,23984,FEB
RST ROMB HRS,Hartmann GA 2002,114 HRS,12,07:00,08:32,23991,FEB
RST ROMB HRS,Hartmann GA 2002,114 HRS,12,08:47,12:27,23714,FEB
RST ROMB HRS,Hartmann GA 2002,114 HRS,12,12:42,17:19,24028,FEB
RST ROMB HRS,Hartmann GA 2002,115 HRS,12,07:00,12:59,24026,FEB
RST ROMB HRS,Hartmann GA 2002,112 HRS,12,17:00,18:43,23390,FEB
RST ROMB HRS,Hartmann GA 2002,115 HRS,12,13:14,17:26,23888,FEB
RST ROMB HRS,Hartmann GA 2002,116 HRS,12,07:00,11:02,23742,FEB
RST ROMB HRS,Hartmann GA 2002,116 HRS,12,11:17,13:46,23329,FEB
RST ROMB HRS,Hartmann GA 2002,116 HRS,12,14:01,18:05,23801,FEB
RST ROMB HRS,Hartmann GA 2002,111 HRS,12,18:00,18:59,23963,FEB
RST ROMB HRS,Hartmann GA 2002,114 HRS,12,17:34,18:45,23541,FEB
RST ROMB HRS,Hartmann GA 2002,115 HRS,12,17:41,18:44,23764,FEB
RST ROMB HRS,Hartmann GA 2002,110 HRS,13,07:00,12:07,23502,FEB
RST ROMB HRS,Hartmann GA 2002,110 HRS,13,12:22,14:11,23487,FEB
RST ROMB HRS,Hartmann GA 2002,110 HRS,13,14:26,18:13,23701,FEB
RST ROMB HRS,Hartmann GA 2002,111 HRS,13,07:00,09:27,23571,FEB
RST ROMB HRS,Hartmann GA 2002,111 HRS,13,09:42,15:14,23311,FEB
RST ROMB HRS,Hartmann GA 2002,111 HRS,13,15:29,17:48,23929,FEB
RST ROMB HRS,Hartmann GA 2002,109 HRS,13,17:26,18:49,23354,FEB
RST ROMB HRS,Hartmann GA 2002,112 HRS,13,07:00,10:49,23627,FEB
RST ROMB HRS,Hartmann GA 2002,114 HRS,13,07:00,09:52,23376,FEB
RST ROMB HRS,Hartmann GA 2002,112 HRS,13,11:04,16:35,23961,FEB
RST ROMB HRS,Hartmann GA 2002,112 HRS,13,16:50,18:37,23684,FEB
RST ROMB HRS,Hartmann GA 2002,114 HRS,13,10:07,12:09,23622,FEB
RST ROMB HRS,Hartmann GA 2002,115 HRS,13,07:00,09:09,23922,FEB
RST ROMB HRS,Hartmann GA 2002,114 HRS,13,12:24,14:22,23843,FEB
RST ROMB HRS,Hartmann GA 2002,115 HRS,13,09:24,16:21,23408,FEB
RST ROMB HRS,Hartmann GA 2002,116 HRS,13,07:00,09:25,23889,FEB
RST ROMB HRS,Hartmann GA 2002,116 HRS,13,09:40,12:24,23807,FEB
RST ROMB HRS,Hartmann GA 2002,114 HRS,13,14:37,16:39,23826,FEB
RST ROMB HRS,Hartmann GA 2002,116 HRS,13,12:39,16:06,23962,FEB
RST ROMB HRS,Hartmann GA 2002,114 HRS,13,16:54,18:47,24022,FEB
RST ROMB HRS,Hartmann GA 2002,115 HRS,13,16:36,18:59,23697,FEB
RST ROMB HRS,Hartmann GA 2002,116 HRS,13,16:21,18:07,23546,FEB
RST ROMB HRS,Hartmann GA 2002,106 HRS,13,15:44,18:26,23766,FEB
RST ROMB HRS,Hartmann GA 2002,111 HRS,13,18:03,18:58,23401,FEB
RST ROMB HRS,Hartmann GA 2002,106 HRS,14,11:14,17:11,23935,FEB
RST ROMB HRS,Hartmann GA 2002,110 HRS,14,07:00,09:18,23442,FEB
RST ROMB HRS,Hartmann GA 2002,110 HRS,14,09:33,11:11,23744,FEB
RST ROMB HRS,Hartmann GA 2002,110 HRS,14,11:26,14:29,23630,FEB
RST ROMB HRS,Hartmann GA 2002,110 HRS,14,14:44,16:46,23296,FEB
RST ROMB HRS,Hartmann GA 2002,111 HRS,14,07:00,11:44,23545,FEB
RST ROMB HRS,Hartmann GA 2002,111 HRS,14,11:59,15:20,23478,FEB
RST ROMB HRS,Hartmann GA 2002,110 HRS,14,17:01,18:37,23619,FEB
RST ROMB HRS,Hartmann GA 2002,112 HRS,14,07:00,11:31,23757,FEB
RST ROMB HRS,Hartmann GA 2002,111 HRS,14,15:35,18:50,24063,FEB
RST ROMB HRS,Hartmann GA 2002,112 HRS,14,11:46,13:11,23721,FEB
RST ROMB HRS,Hartmann GA 2002,112 HRS,14,13:26,14:50,23161,FEB
RST ROMB HRS,Hartmann GA 2002,114 HRS,14,07:00,11:12,23341,FEB
RST ROMB HRS,Hartmann GA 2002,112 HRS,14,15:05,16:14,23969,FEB
RST ROMB HRS,Hartmann GA 2002,115 HRS,14,07:00,08:49,23598,FEB
RST ROMB HRS,Hartmann GA 2002,116 HRS,14,07:00,11:14,24056,FEB
RST ROMB HRS,Hartmann GA 2002,112 HRS,14,16:29,17:46,23294,FEB
RST ROMB HRS,Hartmann GA 2002,114 HRS,14,11:27,12:28,23365,FEB
RST ROMB HRS,Hartmann GA 2002,114 HRS,14,12:43,17:38,23851,FEB
RST ROMB HRS,Hartmann GA 2002,115 HRS,14,09:04,13:02,23361,FEB
RST ROMB HRS,Hartmann GA 2002,115 HRS,14,13:17,16:11,23374,FEB
RST ROMB HRS,Hartmann GA 2002,116 HRS,14,11:29,14:07,23195,FEB
RST ROMB HRS,Hartmann GA 2002,116 HRS,14,14:22,17:48,23363,FEB
RST ROMB HRS,Hartmann GA 2002,115 HRS,14,16:26,18:00,23526,FEB
RST ROMB HRS,Hartmann GA 2002,114 HRS,14,17:53,18:59,23334,FEB
RST ROMB HRS,Hartmann GA 2002,112 HRS,14,18:01,18:56,23995,FEB
RST ROMB HRS,Hartmann GA 2002,116 HRS,14,18:03,18:56,23964,FEB
RST ROMB HRS,Hartmann GA 2002,106 HRS,15,07:00,10:53,23558,FEB
RST ROMB HRS,Hartmann GA 2002,106 HRS,15,11:08,14:29,23380,FEB
RST ROMB HRS,Hartmann GA 2002,109 HRS,15,15:28,18:35,23407,FEB
RST ROMB HRS,Hartmann GA 2002,110 HRS,15,07:00,14:35,23716,FEB
RST ROMB HRS,Hartmann GA 2002,106 HRS,15,14:44,18:26,23192,FEB
RST ROMB HRS,Hartmann GA 2002,110 HRS,15,14:50,18:08,24030,FEB
RST ROMB HRS,Hartmann GA 2002,111 HRS,15,07:00,14:13,23432,FEB
RST ROMB HRS,Hartmann GA 2002,111 HRS,15,14:28,16:00,23990,FEB
RST ROMB HRS,Hartmann GA 2002,112 HRS,15,07:00,12:10,23792,FEB
RST ROMB HRS,Hartmann GA 2002,111 HRS,15,16:15,18:22,23867,FEB
RST ROMB HRS,Hartmann GA 2002,112 HRS,15,12:25,16:47,23508,FEB
RST ROMB HRS,Hartmann GA 2002,114 HRS,15,07:00,09:57,23897,FEB
RST ROMB HRS,Hartmann GA 2002,114 HRS,15,10:12,13:28,23808,FEB
RST ROMB HRS,Hartmann GA 2002,114 HRS,15,13:43,17:30,23626,FEB
RST ROMB HRS,Hartmann GA 2002,115 HRS,15,07:00,10:15,23230,FEB
RST ROMB HRS,Hartmann GA 2002,115 HRS,15,10:30,13:02,23324,FEB
RST ROMB HRS,Hartmann GA 2002,115 HRS,15,13:17,15:13,23216,FEB
RST ROMB HRS,Hartmann GA 2002,115 HRS,15,15:28,18:36,23741,FEB
RST ROMB HRS,Hartmann GA 2002,112 HRS,15,17:02,18:40,23944,FEB
RST ROMB HRS,Hartmann GA 2002,116 HRS,15,07:00,08:50,23607,FEB
RST ROMB HRS,Hartmann GA 2002,116 HRS,15,09:05,11:36,23594,FEB
RST ROMB HRS,Hartmann GA 2002,116 HRS,15,11:51,17:02,23853,FEB
RST ROMB HRS,Hartmann GA 2002,114 HRS,15,17:45,18:51,23900,FEB
RST ROMB HRS,Hartmann GA 2002,116 HRS,15,17:17,18:30,23845,FEB
RST ROMB HRS,Hartmann GA 2002,109 HRS,16,12:54,17:36,23583,FEB
RST ROMB HRS,Hartmann GA 2002,106 HRS,16,07:00,12:17,23912,FEB
RST ROMB HRS,Hartmann GA 2002,106 HRS,16,12:32,17:26,23833,FEB
RST ROMB HRS,Hartmann GA 2002,110 HRS,16,07:00,13:23,23809,FEB
RST ROMB HRS,Hartmann GA 2002,111 HRS,16,07:00,13:44,23149,FEB
RST ROMB HRS,Hartmann GA 2002,112 HRS,16,07:00,08:59,23367,FEB
RST ROMB HRS,Hartmann GA 2002,112 HRS,16,09:14,10:18,23506,FEB
RST ROMB HRS,Hartmann GA 2002,111 HRS,16,13:59,16:25,23377,FEB
RST ROMB HRS,Hartmann GA 2002,112 HRS,16,10:33,16:06,23765,FEB
RST ROMB HRS,Hartmann GA 2002,110 HRS,16,13:38,16:39,23257,FEB
RST ROMB HRS,Hartmann GA 2002,114 HRS,16,07:00,12:43,23633,FEB
RST ROMB HRS,Hartmann GA 2002,111 HRS,16,16:40,18:56,23928,FEB
RST ROMB HRS,Hartmann GA 2002,112 HRS,16,16:21,18:37,23239,FEB
RST ROMB HRS,Hartmann GA 2002,115 HRS,16,07:00,15:45,24003,FEB
RST ROMB HRS,Hartmann GA 2002,116 HRS,16,07:00,08:26,23175,FEB
RST ROMB HRS,Hartmann GA 2002,110 HRS,16,16:54,18:54,23306,FEB
RST ROMB HRS,Hartmann GA 2002,114 HRS,16,12:58,15:00,23433,FEB
RST ROMB HRS,Hartmann GA 2002,116 HRS,16,08:41,12:45,23540,FEB
RST ROMB HRS,Hartmann GA 2002,114 HRS,16,15:15,17:48,23666,FEB
RST ROMB HRS,Hartmann GA 2002,115 HRS,16,16:00,18:01,23941,FEB
RST ROMB HRS,Hartmann GA 2002,116 HRS,16,13:00,14:25,23344,FEB
RST ROMB HRS,Hartmann GA 2002,116 HRS,16,14:40,16:53,23282,FEB
RST ROMB HRS,Hartmann GA 2002,116 HRS,16,17:08,18:53,23402,FEB
RST ROMB HRS,Hartmann GA 2002,109 HRS,17,07:00,13:33,23542,FEB
RST ROMB HRS,Hartmann GA 2002,109 HRS,17,13:48,17:33,23983,FEB
RST ROMB HRS,Hartmann GA 2002,106 HRS,17,07:00,15:23,23234,FEB
RST ROMB HRS,Hartmann GA 2002,110 HRS,17,07:00,11:50,23987,FEB
RST ROMB HRS,Hartmann GA 2002,110 HRS,17,12:05,15:39,23855,FEB
RST ROMB HRS,Hartmann GA 2002,106 HRS,17,15:38,18:33,23333,FEB
RST ROMB HRS,Hartmann GA 2002,110 HRS,17,15:54,18:25,23394,FEB
RST ROMB HRS,Hartmann GA 2002,111 HRS,17,07:00,11:42,23917,FEB
RST ROMB HRS,Hartmann GA 2002,111 HRS,17,11:57,15:55,23360,FEB
RST ROMB HRS,Hartmann GA 2002,112 HRS,17,07:00,11:38,23313,FEB
RST ROMB HRS,Hartmann GA 2002,112 HRS,17,11:53,14:02,23762,FEB
RST ROMB HRS,Hartmann GA 2002,114 HRS,17,07:00,13:05,23720,FEB
RST ROMB HRS,Hartmann GA 2002,115 HRS,17,07:00,14:43,23280,FEB
RST ROMB HRS,Hartmann GA 2002,111 HRS,17,16:10,18:09,23486,FEB
RST ROMB HRS,Hartmann GA 2002,115 HRS,17,14:58,16:16,23525,FEB
RST ROMB HRS,Hartmann GA 2002,112 HRS,17,14:17,15:28,24052,FEB
RST ROMB HRS,Hartmann GA 2002,112 HRS,17,15:43,17:04,23156,FEB
RST ROMB HRS,Hartmann GA 2002,116 HRS,17,07:00,13:04,23588,FEB
RST ROMB HRS,Hartmann GA 2002,114 HRS,17,13:20,17:20,23901,FEB
RST ROMB HRS,Hartmann GA 2002,115 HRS,17,16:31,18:53,24013,FEB
RST ROMB HRS,Hartmann GA 2002,116 HRS,17,13:19,17:03,23458,FEB
RST ROMB HRS,Hartmann GA 2002,112 HRS,17,17:19,18:43,23767,FEB
RST ROMB HRS,Hartmann GA 2002,114 HRS,17,17:35,18:42,23840,FEB
RST ROMB HRS,Hartmann GA 2002,116 HRS,17,17:18,18:59,23332,FEB
RST ROMB HRS,Hartmann GA 2002,109 HRS,18,07:00,12:25,23228,FEB
RST ROMB HRS,Hartmann GA 2002,109 HRS,18,12:40,13:54,23443,FEB
RST ROMB HRS,Hartmann GA 2002,109 HRS,18,14:09,16:15,23927,FEB
RST ROMB HRS,Hartmann GA 2002,109 HRS,18,16:30,17:57,23492,FEB
RST ROMB HRS,Hartmann GA 2002,106 HRS,18,07:00,11:49,23457,FEB
RST ROMB HRS,Hartmann GA 2002,106 HRS,18,12:04,17:30,23399,FEB
RST ROMB HRS,Hartmann GA 2002,110 HRS,18,07:00,10:53,23523,FEB
RST ROMB HRS,Hartmann GA 2002,110 HRS,18,11:08,13:00,23530,FEB
RST ROMB HRS,Hartmann GA 2002,110 HRS,18,13:15,17:04,23339,FEB
RST ROMB HRS,Hartmann GA 2002,111 HRS,18,07:00,15:35,23498,FEB
RST ROMB HRS,Hartmann GA 2002,112 HRS,18,07:00,11:57,23261,FEB
RST ROMB HRS,Hartmann GA 2002,112 HRS,18,12:12,16:28,23182,FEB
RST ROMB HRS,Hartmann GA 2002,111 HRS,18,15:50,18:19,23602,FEB
RST ROMB HRS,Hartmann GA 2002,110 HRS,18,17:19,18:26,23997,FEB
RST ROMB HRS,Hartmann GA 2002,112 HRS,18,16:43,18:49,23158,FEB
RST ROMB HRS,Hartmann GA 2002,114 HRS,18,07:00,11:19,23894,FEB
RST ROMB HRS,Hartmann GA 2002,115 HRS,18,07:00,12:59,23738,FEB
RST ROMB HRS,Hartmann GA 2002,114 HRS,18,11:34,13:33,23481,FEB
RST ROMB HRS,Hartmann GA 2002,114 HRS,18,13:48,15:29,23825,FEB
RST ROMB HRS,Hartmann GA 2002,115 HRS,18,13:14,14:35,23874,FEB
RST ROMB HRS,Hartmann GA 2002,116 HRS,18,07:00,10:50,23836,FEB
RST ROMB HRS,Hartmann GA 2002,114 HRS,18,15:44,17:16,23305,FEB
RST ROMB HRS,Hartmann GA 2002,115 HRS,18,14:50,17:40,23285,FEB
RST ROMB HRS,Hartmann GA 2002,116 HRS,18,11:05,12:42,23187,FEB
RST ROMB HRS,Hartmann GA 2002,116 HRS,18,12:57,16:34,23468,FEB
RST ROMB HRS,Hartmann GA 2002,116 HRS,18,16:49,18:29,23340,FEB
RST ROMB HRS,Hartmann GA 2002,114 HRS,18,17:31,18:51,24001,FEB
RST ROMB HRS,Hartmann GA 2002,109 HRS,19,07:00,14:45,23719,FEB
RST ROMB HRS,Hartmann GA 2002,109 HRS,19,15:00,17:52,24031,FEB
RST ROMB HRS,Hartmann GA 2002,106 HRS,19,07:00,10:29,23631,FEB
RST ROMB HRS,Hartmann GA 2002,106 HRS,19,10:44,15:12,23479,FEB
RST ROMB HRS,Hartmann GA 2002,110 HRS,19,07:00,09:03,23959,FEB
RST ROMB HRS,Hartmann GA 2002,106 HRS,19,15:27,18:32,23592,FEB
RST ROMB HRS,Hartmann GA 2002,110 HRS,19,09:18,13:33,23715,FEB
RST ROMB HRS,Hartmann GA 2002,110 HRS,19,13:48,16:05,23954,FEB
RST ROMB HRS,Hartmann GA 2002,110 HRS,19,16:20,18:49,24060,FEB
RST ROMB HRS,Hartmann GA 2002,111 HRS,19,07:00,12:52,23417,FEB
RST ROMB HRS,Hartmann GA 2002,111 HRS,19,13:07,15:02,23930,FEB
RST ROMB HRS,Hartmann GA 2002,112 HRS,19,07:00,11:21,23183,FEB
RST ROMB HRS,Hartmann GA 2002,112 HRS,19,11:36,15:25,23678,FEB
RST ROMB HRS,Hartmann GA 2002,114 HRS,19,07:00,12:32,23847,FEB
RST ROMB HRS,Hartmann GA 2002,111 HRS,19,15:17,18:40,23759,FEB
RST ROMB HRS,Hartmann GA 2002,112 HRS,19,15:40,17:53,23943,FEB
RST ROMB HRS,Hartmann GA 2002,114 HRS,19,12:47,15:17,23259,FEB
RST ROMB HRS,Hartmann GA 2002,115 HRS,19,07:00,11:29,23642,FEB
RST ROMB HRS,Hartmann GA 2002,114 HRS,19,15:32,17:20,23842,FEB
RST ROMB HRS,Hartmann GA 2002,115 HRS,19,11:44,13:48,23298,FEB
RST ROMB HRS,Hartmann GA 2002,115 HRS,19,14:03,17:45,23813,FEB
RST ROMB HRS,Hartmann GA 2002,114 HRS,19,17:35,18:40,23178,FEB
RST ROMB HRS,Hartmann GA 2002,116 HRS,19,07:00,11:31,23584,FEB
RST ROMB HRS,Hartmann GA 2002,116 HRS,19,11:46,14:13,23416,FEB
RST ROMB HRS,Hartmann GA 2002,116 HRS,19,14:28,17:57,23290,FEB
RST ROMB HRS,Hartmann GA 2002,109 HRS,20,07:00,09:53,24034,FEB
RST ROMB HRS,Hartmann GA 2002,109 HRS,20,10:08,15:10,23465,FEB
RST ROMB HRS,Hartmann GA 2002,109 HRS,20,15:25,18:02,23683,FEB
RST ROMB HRS,Hartmann GA 2002,106 HRS,20,07:00,12:12,24012,FEB
RST ROMB HRS,Hartmann GA 2002,106 HRS,20,12:27,17:36,23773,FEB
RST ROMB HRS,Hartmann GA 2002,110 HRS,20,07:00,09:19,23638,FEB
RST ROMB HRS,Hartmann GA 2002,110 HRS,20,09:34,11:21,23253,FEB
RST ROMB HRS,Hartmann GA 2002,110 HRS,20,11:36,13:54,23649,FEB
RST ROMB HRS,Hartmann GA 2002,110 HRS,20,14:09,15:26,23317,FEB
RST ROMB HRS,Hartmann GA 2002,110 HRS,20,15:41,17:08,23459,FEB
RST ROMB HRS,Hartmann GA 2002,111 HRS,20,07:00,09:21,23940,FEB
RST ROMB HRS,Hartmann GA 2002,111 HRS,20,09:36,13:05,23799,FEB
RST ROMB HRS,Hartmann GA 2002,111 HRS,20,13:20,15:59,23772,FEB
RST ROMB HRS,Hartmann GA 2002,110 HRS,20,17:23,18:59,23462,FEB
RST ROMB HRS,Hartmann GA 2002,112 HRS,20,07:00,10:17,23873,FEB
RST ROMB HRS,Hartmann GA 2002,111 HRS,20,16:14,18:02,23538,FEB
RST ROMB HRS,Hartmann GA 2002,112 HRS,20,10:32,14:36,23203,FEB
RST ROMB HRS,Hartmann GA 2002,112 HRS,20,14:51,17:54,23993,FEB
RST ROMB HRS,Hartmann GA 2002,114 HRS,20,07:00,08:22,23503,FEB
RST ROMB HRS,Hartmann GA 2002,114 HRS,20,08:37,10:18,23212,FEB
RST ROMB HRS,Hartmann GA 2002,114 HRS,20,10:33,12:29,24027,FEB
RST ROMB HRS,Hartmann GA 2002,114 HRS,20,12:44,15:28,23965,FEB
RST ROMB HRS,Hartmann GA 2002,114 HRS,20,15:43,16:57,23461,FEB
RST ROMB HRS,Hartmann GA 2002,114 HRS,20,17:12,18:40,23554,FEB
RST ROMB HRS,Hartmann GA 2002,115 HRS,20,07:00,08:39,23812,FEB
RST ROMB HRS,Hartmann GA 2002,115 HRS,20,08:54,12:29,23186,FEB
RST ROMB HRS,Hartmann GA 2002,116 HRS,20,07:00,13:47,23320,FEB
RST ROMB HRS,Hartmann GA 2002,116 HRS,20,14:02,16:09,23258,FEB
RST ROMB HRS,Hartmann GA 2002,115 HRS,20,12:44,14:41,23815,FEB
RST ROMB HRS,Hartmann GA 2002,109 HRS,21,07:00,10:55,23281,FEB
RST ROMB HRS,Hartmann GA 2002,109 HRS,21,11:10,18:30,23359,FEB
RST ROMB HRS,Hartmann GA 2002,106 HRS,21,07:00,10:32,23409,FEB
RST ROMB HRS,Hartmann GA 2002,106 HRS,21,10:47,18:39,23268,FEB
RST ROMB HRS,Hartmann GA 2002,110 HRS,21,07:00,10:12,23265,FEB
RST ROMB HRS,Hartmann GA 2002,111 HRS,21,07:00,09:22,23786,FEB
RST ROMB HRS,Hartmann GA 2002,110 HRS,21,10:27,14:56,23226,FEB
RST ROMB HRS,Hartmann GA 2002,110 HRS,21,15:11,17:55,23421,FEB
RST ROMB HRS,Hartmann GA 2002,111 HRS,21,09:37,13:13,23151,FEB
RST ROMB HRS,Hartmann GA 2002,111 HRS,21,13:28,18:09,23229,FEB
RST ROMB HRS,Hartmann GA 2002,112 HRS,21,07:00,10:07,23245,FEB
RST ROMB HRS,Hartmann GA 2002,109 HRS,22,07:00,11:11,23145,FEB
RST ROMB HRS,Hartmann GA 2002,109 HRS,22,11:26,14:59,23312,FEB
RST ROMB HRS,Hartmann GA 2002,109 HRS,22,15:14,18:41,23887,FEB
RST ROMB HRS,Hartmann GA 2002,106 HRS,22,07:00,11:13,23181,FEB
RST ROMB HRS,Hartmann GA 2002,106 HRS,22,11:28,15:32,23411,FEB
RST ROMB HRS,Hartmann GA 2002,110 HRS,22,07:00,11:22,23455,FEB
RST ROMB HRS,Hartmann GA 2002,110 HRS,22,11:37,14:58,23593,FEB
RST ROMB HRS,Hartmann GA 2002,110 HRS,22,15:13,17:53,23616,FEB
RST ROMB HRS,Hartmann GA 2002,111 HRS,22,07:00,09:47,24029,FEB
RST ROMB HRS,Hartmann GA 2002,111 HRS,22,10:02,11:29,23531,FEB
RST ROMB HRS,Hartmann GA 2002,109 HRS,23,07:00,10:56,23269,FEB
RST ROMB HRS,Hartmann GA 2002,109 HRS,23,11:11,12:52,23754,FEB
RST ROMB HRS,Hartmann GA 2002,109 HRS,23,13:07,18:50,23791,FEB
RST ROMB HRS,Hartmann GA 2002,106 HRS,23,07:00,11:39,23310,FEB
RST ROMB HRS,Hartmann GA 2002,106 HRS,23,11:54,15:24,23501,FEB
RST ROMB HRS,Hartmann GA 2002,110 HRS,23,07:00,10:55,23147,FEB
RST ROMB HRS,Hartmann GA 2002,110 HRS,23,11:10,13:19,23387,FEB
RST ROMB HRS,Hartmann GA 2002,110 HRS,23,13:34,16:51,23532,FEB
RST ROMB HRS,Hartmann GA 2002,111 HRS,23,07:00,09:34,23751,FEB
RST ROMB HRS,Hartmann GA 2002,109 HRS,24,07:00,10:40,23238,FEB
RST ROMB HRS,Hartmann GA 2002,109 HRS,24,10:55,14:23,23681,FEB
RST ROMB HRS,Hartmann GA 2002,109 HRS,24,14:38,18:31,23790,FEB
RST ROMB HRS,Hartmann GA 2002,106 HRS,24,07:00,11:15,23166,FEB
RST ROMB HRS,Hartmann GA 2002,106 HRS,24,11:30,16:01,23797,FEB
RST ROMB HRS,Hartmann GA 2002,109 HRS,25,07:00,11:29,23500,FEB
RST ROMB HRS,Hartmann GA 2002,109 HRS,25,11:44,15:59,23838,FEB
RST ROMB HRS,Hartmann GA 2002,106 HRS,25,07:00,11:13,23834,FEB
RST ROMB HRS,Hartmann GA 2002,106 HRS,25,11:28,16:30,23725,FEB
RST ROMB HRS,Hartmann GA 2002,109 HRS,26,07:00,11:04,23994,FEB
RST ROMB HRS,Hartmann GA 2002,109 HRS,26,11:19,16:21,23418,FEB
RST ROMB HRS,Hartmann GA 2002,106 HRS,26,07:00,10:57,24053,FEB
RST ROMB HRS,Hartmann GA 2002,106 HRS,26,11:12,16:15,23496,FEB
RST ROMB HRS,Hartmann GA 2002,109 HRS,27,07:00,12:58,23177,FEB
RST ROMB HRS,Hartmann GA 2002,106 HRS,27,07:00,12:15,23586,FEB
RST ROMB HRS,Hartmann GA 2002,106 HRS,27,12:30,16:37,23624,FEB
RST ROMB HRS,Hartmann GA 2002,109 HRS,27,13:13,18:29,23495,FEB
RST ROMB HRS,Hartmann GA 2002,106 HRS,28,07:00,13:32,23685,FEB
RST ROMB HRS,Hartmann GA 2002,109 HRS,28,07:00,10:37,23890,FEB
RST ROMB HRS,Hartmann GA 2002,106 HRS,28,13:47,17:29,23945,FEB
RST ROMB HRS,Hartmann GA 2002,109 HRS,28,10:52,16:11,23625,FEB
RST ROMB HRS,Hartmann GA 2002,106 HRS,29,07:00,13:22,23891,FEB
RST ROMB HRS,Hartmann GA 2002,109 HRS,29,07:00,12:12,23956,FEB
RST ROMB HRS,Hartmann GA 2002,109 HRS,29,12:27,15:14,23937,FEB
RST ROMB HRS,Hartmann GA 2002,109 HRS,30,07:00,12:26,23835,FEB
RST ROMB HRS,Hartmann GA 2002,109 HRS,30,12:41,16:39,23597,FEB
RST ROMB HRS,Hartmann GA 2002,116 HRS,3,18:40,18:59,24411,MAR
RST ROMB HRS,Hartmann GA 2002,116 HRS,5,18:37,19:00,24229,MAR
RST ROMB HRS,Hartmann GA 2002,106 HRS,6,17:21,18:08,24991,MAR
RST ROMB HRS,Hartmann GA 2002,112 HRS,7,18:34,18:55,24910,MAR
RST ROMB HRS,Hartmann GA 2002,106 HRS,9,16:54,18:41,24773,MAR
RST ROMB HRS,Hartmann GA 2002,106 HRS,10,17:51,18:46,24916,MAR
RST ROMB HRS,Hartmann GA 2002,110 HRS,12,18:17,18:41,24600,MAR
RST ROMB HRS,Hartmann GA 2002,109 HRS,12,17:38,18:32,24965,MAR
RST ROMB HRS,Hartmann GA 2002,116 HRS,12,18:20,18:55,24720,MAR
RST ROMB HRS,Hartmann GA 2002,116 HRS,13,18:22,19:00,24243,MAR
RST ROMB HRS,Hartmann GA 2002,115 HRS,14,18:15,18:55,24124,MAR
RST ROMB HRS,Hartmann GA 2002,110 HRS,15,18:23,18:59,24470,MAR
RST ROMB HRS,Hartmann GA 2002,114 HRS,16,18:03,18:59,24375,MAR
RST ROMB HRS,Hartmann GA 2002,115 HRS,16,18:16,18:57,24547,MAR
RST ROMB HRS,Hartmann GA 2002,106 HRS,16,17:41,18:23,24067,MAR
RST ROMB HRS,Hartmann GA 2002,115 HRS,18,17:55,18:53,24265,MAR
RST ROMB HRS,Hartmann GA 2002,115 HRS,19,18:00,18:58,24990,MAR
RST ROMB HRS,Hartmann GA 2002,112 HRS,19,18:08,18:54,24171,MAR
RST ROMB HRS,Hartmann GA 2002,116 HRS,19,18:12,18:50,24480,MAR
RST ROMB HRS,Hartmann GA 2002,115 HRS,20,14:56,16:45,24819,MAR
RST ROMB HRS,Hartmann GA 2002,116 HRS,20,16:24,18:28,24645,MAR
RST ROMB HRS,Hartmann GA 2002,115 HRS,20,17:00,18:09,24211,MAR
RST ROMB HRS,Hartmann GA 2002,112 HRS,20,18:09,18:53,24182,MAR
RST ROMB HRS,Hartmann GA 2002,112 HRS,21,10:22,14:56,24256,MAR
RST ROMB HRS,Hartmann GA 2002,114 HRS,21,07:00,11:26,24656,MAR
RST ROMB HRS,Hartmann GA 2002,114 HRS,21,11:41,15:55,24186,MAR
RST ROMB HRS,Hartmann GA 2002,115 HRS,21,07:00,11:48,24555,MAR
RST ROMB HRS,Hartmann GA 2002,115 HRS,21,12:03,16:52,24967,MAR
RST ROMB HRS,Hartmann GA 2002,116 HRS,21,07:00,10:31,24427,MAR
RST ROMB HRS,Hartmann GA 2002,112 HRS,21,15:11,16:29,24172,MAR
RST ROMB HRS,Hartmann GA 2002,115 HRS,21,17:07,18:26,24136,MAR
RST ROMB HRS,Hartmann GA 2002,112 HRS,21,16:44,18:33,24399,MAR
RST ROMB HRS,Hartmann GA 2002,114 HRS,21,16:10,17:26,24162,MAR
RST ROMB HRS,Hartmann GA 2002,114 HRS,21,17:41,18:49,24581,MAR
RST ROMB HRS,Hartmann GA 2002,116 HRS,21,10:46,14:56,24528,MAR
RST ROMB HRS,Hartmann GA 2002,116 HRS,21,15:11,16:21,24798,MAR
RST ROMB HRS,Hartmann GA 2002,116 HRS,21,16:36,18:19,24678,MAR
RST ROMB HRS,Hartmann GA 2002,111 HRS,22,11:44,16:24,24363,MAR
RST ROMB HRS,Hartmann GA 2002,106 HRS,22,15:47,17:56,24259,MAR
RST ROMB HRS,Hartmann GA 2002,112 HRS,22,07:00,11:01,24969,MAR
RST ROMB HRS,Hartmann GA 2002,111 HRS,22,16:39,18:50,24252,MAR
RST ROMB HRS,Hartmann GA 2002,114 HRS,22,07:00,08:22,24631,MAR
RST ROMB HRS,Hartmann GA 2002,112 HRS,22,11:16,14:41,24514,MAR
RST ROMB HRS,Hartmann GA 2002,112 HRS,22,14:56,17:53,24691,MAR
RST ROMB HRS,Hartmann GA 2002,114 HRS,22,08:37,09:54,24156,MAR
RST ROMB HRS,Hartmann GA 2002,114 HRS,22,10:09,13:57,24390,MAR
RST ROMB HRS,Hartmann GA 2002,115 HRS,22,07:00,08:54,24080,MAR
RST ROMB HRS,Hartmann GA 2002,114 HRS,22,14:12,16:42,24708,MAR
RST ROMB HRS,Hartmann GA 2002,115 HRS,22,09:09,11:50,24212,MAR
RST ROMB HRS,Hartmann GA 2002,114 HRS,22,16:57,18:15,24074,MAR
RST ROMB HRS,Hartmann GA 2002,115 HRS,22,12:05,14:09,24669,MAR
RST ROMB HRS,Hartmann GA 2002,115 HRS,22,14:24,15:46,24267,MAR
RST ROMB HRS,Hartmann GA 2002,115 HRS,22,16:01,17:30,24238,MAR
RST ROMB HRS,Hartmann GA 2002,116 HRS,22,07:00,11:52,24086,MAR
RST ROMB HRS,Hartmann GA 2002,116 HRS,22,12:07,14:58,24285,MAR
RST ROMB HRS,Hartmann GA 2002,116 HRS,22,15:13,17:33,24801,MAR
RST ROMB HRS,Hartmann GA 2002,115 HRS,22,17:45,18:47,24904,MAR
RST ROMB HRS,Hartmann GA 2002,116 HRS,22,17:48,18:56,24668,MAR
RST ROMB HRS,Hartmann GA 2002,110 HRS,22,18:08,18:46,24258,MAR
RST ROMB HRS,Hartmann GA 2002,112 HRS,22,18:08,18:58,24786,MAR
RST ROMB HRS,Hartmann GA 2002,106 HRS,23,15:39,18:05,24344,MAR
RST ROMB HRS,Hartmann GA 2002,110 HRS,23,17:06,18:45,24685,MAR
RST ROMB HRS,Hartmann GA 2002,111 HRS,23,09:49,11:04,24954,MAR
RST ROMB HRS,Hartmann GA 2002,111 HRS,23,11:19,12:53,24730,MAR
RST ROMB HRS,Hartmann GA 2002,111 HRS,23,13:08,17:48,24760,MAR
RST ROMB HRS,Hartmann GA 2002,112 HRS,23,07:00,08:24,24237,MAR
RST ROMB HRS,Hartmann GA 2002,112 HRS,23,08:39,12:44,24922,MAR
RST ROMB HRS,Hartmann GA 2002,112 HRS,23,12:59,14:50,24322,MAR
RST ROMB HRS,Hartmann GA 2002,114 HRS,23,07:00,09:28,24587,MAR
RST ROMB HRS,Hartmann GA 2002,114 HRS,23,09:43,11:29,24709,MAR
RST ROMB HRS,Hartmann GA 2002,112 HRS,23,15:05,18:23,24336,MAR
RST ROMB HRS,Hartmann GA 2002,115 HRS,23,07:00,08:59,24403,MAR
RST ROMB HRS,Hartmann GA 2002,114 HRS,23,11:44,14:12,24957,MAR
RST ROMB HRS,Hartmann GA 2002,114 HRS,23,14:27,18:00,24992,MAR
RST ROMB HRS,Hartmann GA 2002,115 HRS,23,09:14,10:48,24264,MAR
RST ROMB HRS,Hartmann GA 2002,116 HRS,23,07:00,10:31,24494,MAR
RST ROMB HRS,Hartmann GA 2002,115 HRS,23,11:03,14:00,24736,MAR
RST ROMB HRS,Hartmann GA 2002,116 HRS,23,10:46,16:28,24835,MAR
RST ROMB HRS,Hartmann GA 2002,115 HRS,23,14:15,17:37,24919,MAR
RST ROMB HRS,Hartmann GA 2002,116 HRS,23,16:43,18:57,24865,MAR
RST ROMB HRS,Hartmann GA 2002,115 HRS,23,17:52,18:59,24670,MAR
RST ROMB HRS,Hartmann GA 2002,111 HRS,23,18:03,18:55,24223,MAR
RST ROMB HRS,Hartmann GA 2002,110 HRS,24,07:00,11:54,24628,MAR
RST ROMB HRS,Hartmann GA 2002,110 HRS,24,12:09,16:22,24683,MAR
RST ROMB HRS,Hartmann GA 2002,110 HRS,24,16:37,18:21,24519,MAR
RST ROMB HRS,Hartmann GA 2002,111 HRS,24,07:00,09:40,24947,MAR
RST ROMB HRS,Hartmann GA 2002,111 HRS,24,09:55,11:13,24539,MAR
RST ROMB HRS,Hartmann GA 2002,111 HRS,24,11:28,13:11,24268,MAR
RST ROMB HRS,Hartmann GA 2002,112 HRS,24,07:00,13:34,24627,MAR
RST ROMB HRS,Hartmann GA 2002,111 HRS,24,13:26,17:05,24495,MAR
RST ROMB HRS,Hartmann GA 2002,111 HRS,24,17:20,18:57,24441,MAR
RST ROMB HRS,Hartmann GA 2002,112 HRS,24,13:49,15:19,24431,MAR
RST ROMB HRS,Hartmann GA 2002,112 HRS,24,15:34,16:56,24450,MAR
RST ROMB HRS,Hartmann GA 2002,112 HRS,24,17:11,18:50,24075,MAR
RST ROMB HRS,Hartmann GA 2002,114 HRS,24,07:00,08:40,24517,MAR
RST ROMB HRS,Hartmann GA 2002,114 HRS,24,08:55,10:28,24763,MAR
RST ROMB HRS,Hartmann GA 2002,114 HRS,24,10:43,15:13,24207,MAR
RST ROMB HRS,Hartmann GA 2002,114 HRS,24,15:28,17:22,24588,MAR
RST ROMB HRS,Hartmann GA 2002,114 HRS,24,17:37,18:35,24841,MAR
RST ROMB HRS,Hartmann GA 2002,115 HRS,24,07:00,09:54,24123,MAR
RST ROMB HRS,Hartmann GA 2002,116 HRS,24,07:00,10:08,24209,MAR
RST ROMB HRS,Hartmann GA 2002,115 HRS,24,10:09,12:45,24459,MAR
RST ROMB HRS,Hartmann GA 2002,115 HRS,24,13:00,15:19,24168,MAR
RST ROMB HRS,Hartmann GA 2002,115 HRS,24,15:34,18:06,24779,MAR
RST ROMB HRS,Hartmann GA 2002,116 HRS,24,10:23,12:14,24932,MAR
RST ROMB HRS,Hartmann GA 2002,116 HRS,24,12:29,13:46,24456,MAR
RST ROMB HRS,Hartmann GA 2002,116 HRS,24,14:01,16:48,24349,MAR
RST ROMB HRS,Hartmann GA 2002,116 HRS,24,17:03,18:57,24522,MAR
RST ROMB HRS,Hartmann GA 2002,106 HRS,24,16:16,18:55,24558,MAR
RST ROMB HRS,Hartmann GA 2002,109 HRS,25,16:14,18:44,24921,MAR
RST ROMB HRS,Hartmann GA 2002,110 HRS,25,07:00,11:17,24877,MAR
RST ROMB HRS,Hartmann GA 2002,110 HRS,25,11:32,13:21,24228,MAR
RST ROMB HRS,Hartmann GA 2002,110 HRS,25,13:36,18:46,24582,MAR
RST ROMB HRS,Hartmann GA 2002,111 HRS,25,07:00,16:31,24834,MAR
RST ROMB HRS,Hartmann GA 2002,112 HRS,25,07:00,10:17,24354,MAR
RST ROMB HRS,Hartmann GA 2002,112 HRS,25,10:32,15:05,24338,MAR
RST ROMB HRS,Hartmann GA 2002,114 HRS,25,07:00,08:32,24735,MAR
RST ROMB HRS,Hartmann GA 2002,114 HRS,25,08:47,15:14,24291,MAR
RST ROMB HRS,Hartmann GA 2002,111 HRS,25,16:46,18:25,24825,MAR
RST ROMB HRS,Hartmann GA 2002,112 HRS,25,15:20,17:34,24465,MAR
RST ROMB HRS,Hartmann GA 2002,115 HRS,25,07:00,13:11,24752,MAR
RST ROMB HRS,Hartmann GA 2002,116 HRS,25,07:00,14:20,24871,MAR
RST ROMB HRS,Hartmann GA 2002,114 HRS,25,15:29,18:15,24310,MAR
RST ROMB HRS,Hartmann GA 2002,115 HRS,25,13:26,17:40,24795,MAR
RST ROMB HRS,Hartmann GA 2002,116 HRS,25,14:35,17:26,24632,MAR
RST ROMB HRS,Hartmann GA 2002,116 HRS,25,17:41,19:00,24574,MAR
RST ROMB HRS,Hartmann GA 2002,112 HRS,25,17:49,18:46,24551,MAR
RST ROMB HRS,Hartmann GA 2002,115 HRS,25,17:55,18:55,24732,MAR
RST ROMB HRS,Hartmann GA 2002,110 HRS,26,07:00,10:06,24674,MAR
RST ROMB HRS,Hartmann GA 2002,109 HRS,26,16:36,18:48,24719,MAR
RST ROMB HRS,Hartmann GA 2002,110 HRS,26,10:21,12:54,25002,MAR
RST ROMB HRS,Hartmann GA 2002,110 HRS,26,13:09,16:23,24982,MAR
RST ROMB HRS,Hartmann GA 2002,110 HRS,26,16:38,18:00,24688,MAR
RST ROMB HRS,Hartmann GA 2002,111 HRS,26,07:00,10:36,24804,MAR
RST ROMB HRS,Hartmann GA 2002,111 HRS,26,10:51,15:04,24897,MAR
RST ROMB HRS,Hartmann GA 2002,112 HRS,26,07:00,11:41,24621,MAR
RST ROMB HRS,Hartmann GA 2002,111 HRS,26,15:19,17:17,24158,MAR
RST ROMB HRS,Hartmann GA 2002,112 HRS,26,11:56,14:21,24195,MAR
RST ROMB HRS,Hartmann GA 2002,112 HRS,26,14:36,17:37,24995,MAR
RST ROMB HRS,Hartmann GA 2002,114 HRS,26,07:00,12:59,24115,MAR
RST ROMB HRS,Hartmann GA 2002,115 HRS,26,07:00,12:49,24924,MAR
RST ROMB HRS,Hartmann GA 2002,114 HRS,26,13:14,14:45,24170,MAR
RST ROMB HRS,Hartmann GA 2002,111 HRS,26,17:32,18:32,24873,MAR
RST ROMB HRS,Hartmann GA 2002,114 HRS,26,15:00,16:18,24098,MAR
RST ROMB HRS,Hartmann GA 2002,115 HRS,26,13:04,14:16,24328,MAR
RST ROMB HRS,Hartmann GA 2002,114 HRS,26,16:33,18:32,24706,MAR
RST ROMB HRS,Hartmann GA 2002,115 HRS,26,14:31,17:04,24198,MAR
RST ROMB HRS,Hartmann GA 2002,116 HRS,26,07:00,09:01,24817,MAR
RST ROMB HRS,Hartmann GA 2002,116 HRS,26,09:16,11:21,24370,MAR
RST ROMB HRS,Hartmann GA 2002,116 HRS,26,11:36,13:55,24330,MAR
RST ROMB HRS,Hartmann GA 2002,116 HRS,26,14:10,17:48,24462,MAR
RST ROMB HRS,Hartmann GA 2002,115 HRS,26,17:19,18:28,24591,MAR
RST ROMB HRS,Hartmann GA 2002,112 HRS,26,17:52,18:58,24716,MAR
RST ROMB HRS,Hartmann GA 2002,110 HRS,27,07:00,11:37,24394,MAR
RST ROMB HRS,Hartmann GA 2002,110 HRS,27,11:52,14:27,24281,MAR
RST ROMB HRS,Hartmann GA 2002,110 HRS,27,14:42,16:44,24455,MAR
RST ROMB HRS,Hartmann GA 2002,110 HRS,27,16:59,18:34,24970,MAR
RST ROMB HRS,Hartmann GA 2002,111 HRS,27,07:00,15:45,24831,MAR
RST ROMB HRS,Hartmann GA 2002,111 HRS,27,16:00,17:39,25012,MAR
RST ROMB HRS,Hartmann GA 2002,112 HRS,27,07:00,08:39,24651,MAR
RST ROMB HRS,Hartmann GA 2002,112 HRS,27,08:54,12:53,24960,MAR
RST ROMB HRS,Hartmann GA 2002,112 HRS,27,13:08,16:37,24747,MAR
RST ROMB HRS,Hartmann GA 2002,112 HRS,27,16:52,18:48,24642,MAR
RST ROMB HRS,Hartmann GA 2002,114 HRS,27,07:00,08:52,24626,MAR
RST ROMB HRS,Hartmann GA 2002,114 HRS,27,09:07,11:07,24987,MAR
RST ROMB HRS,Hartmann GA 2002,114 HRS,27,11:22,14:10,24580,MAR
RST ROMB HRS,Hartmann GA 2002,114 HRS,27,14:25,16:02,24840,MAR
RST ROMB HRS,Hartmann GA 2002,115 HRS,27,07:00,08:50,24157,MAR
RST ROMB HRS,Hartmann GA 2002,115 HRS,27,09:05,13:15,24437,MAR
RST ROMB HRS,Hartmann GA 2002,116 HRS,27,07:00,11:15,24295,MAR
RST ROMB HRS,Hartmann GA 2002,115 HRS,27,13:30,18:56,24464,MAR
RST ROMB HRS,Hartmann GA 2002,114 HRS,27,16:17,17:32,24308,MAR
RST ROMB HRS,Hartmann GA 2002,116 HRS,27,11:30,15:18,24792,MAR
RST ROMB HRS,Hartmann GA 2002,116 HRS,27,15:33,17:24,24684,MAR
RST ROMB HRS,Hartmann GA 2002,114 HRS,27,17:47,18:58,24915,MAR
RST ROMB HRS,Hartmann GA 2002,116 HRS,27,17:39,18:55,24811,MAR
RST ROMB HRS,Hartmann GA 2002,109 HRS,28,16:26,18:55,24125,MAR
RST ROMB HRS,Hartmann GA 2002,110 HRS,28,07:00,12:20,24608,MAR
RST ROMB HRS,Hartmann GA 2002,110 HRS,28,12:35,14:21,24226,MAR
RST ROMB HRS,Hartmann GA 2002,110 HRS,28,14:36,17:42,24509,MAR
RST ROMB HRS,Hartmann GA 2002,111 HRS,28,07:00,14:18,24180,MAR
RST ROMB HRS,Hartmann GA 2002,111 HRS,28,14:33,17:43,24666,MAR
RST ROMB HRS,Hartmann GA 2002,112 HRS,28,07:00,09:17,24643,MAR
RST ROMB HRS,Hartmann GA 2002,112 HRS,28,09:32,16:13,24511,MAR
RST ROMB HRS,Hartmann GA 2002,114 HRS,28,07:00,11:13,24906,MAR
RST ROMB HRS,Hartmann GA 2002,114 HRS,28,11:28,14:37,24843,MAR
RST ROMB HRS,Hartmann GA 2002,110 HRS,28,17:57,19:00,24423,MAR
RST ROMB HRS,Hartmann GA 2002,114 HRS,28,14:52,17:31,24342,MAR
RST ROMB HRS,Hartmann GA 2002,115 HRS,28,07:00,10:46,24289,MAR
RST ROMB HRS,Hartmann GA 2002,112 HRS,28,16:28,18:55,24728,MAR
RST ROMB HRS,Hartmann GA 2002,115 HRS,28,11:01,13:17,24504,MAR
RST ROMB HRS,Hartmann GA 2002,116 HRS,28,07:00,08:29,24142,MAR
RST ROMB HRS,Hartmann GA 2002,116 HRS,28,08:44,11:19,24192,MAR
RST ROMB HRS,Hartmann GA 2002,115 HRS,28,13:32,16:15,24263,MAR
RST ROMB HRS,Hartmann GA 2002,115 HRS,28,16:30,18:03,24599,MAR
RST ROMB HRS,Hartmann GA 2002,116 HRS,28,11:34,14:05,24121,MAR
RST ROMB HRS,Hartmann GA 2002,116 HRS,28,14:20,17:55,24321,MAR
RST ROMB HRS,Hartmann GA 2002,114 HRS,28,17:46,18:58,24858,MAR
RST ROMB HRS,Hartmann GA 2002,109 HRS,29,15:29,18:57,24938,MAR
RST ROMB HRS,Hartmann GA 2002,106 HRS,29,13:37,18:57,24833,MAR
RST ROMB HRS,Hartmann GA 2002,110 HRS,29,07:00,08:31,24985,MAR
RST ROMB HRS,Hartmann GA 2002,110 HRS,29,08:46,14:17,24564,MAR
RST ROMB HRS,Hartmann GA 2002,110 HRS,29,14:32,15:51,24276,MAR
RST ROMB HRS,Hartmann GA 2002,110 HRS,29,16:06,17:43,24927,MAR
RST ROMB HRS,Hartmann GA 2002,111 HRS,29,07:00,09:18,24083,MAR
RST ROMB HRS,Hartmann GA 2002,111 HRS,29,09:33,14:00,24068,MAR
RST ROMB HRS,Hartmann GA 2002,111 HRS,29,14:15,16:03,24319,MAR
RST ROMB HRS,Hartmann GA 2002,112 HRS,29,07:00,11:45,24439,MAR
RST ROMB HRS,Hartmann GA 2002,112 HRS,29,12:00,16:52,24556,MAR
RST ROMB HRS,Hartmann GA 2002,111 HRS,29,16:18,18:47,24977,MAR
RST ROMB HRS,Hartmann GA 2002,112 HRS,29,17:07,18:46,24372,MAR
RST ROMB HRS,Hartmann GA 2002,114 HRS,29,07:00,09:02,24486,MAR
RST ROMB HRS,Hartmann GA 2002,114 HRS,29,09:17,11:37,24743,MAR
RST ROMB HRS,Hartmann GA 2002,114 HRS,29,11:52,14:09,24914,MAR
RST ROMB HRS,Hartmann GA 2002,114 HRS,29,14:24,18:05,24417,MAR
RST ROMB HRS,Hartmann GA 2002,115 HRS,29,07:00,13:08,24681,MAR
RST ROMB HRS,Hartmann GA 2002,115 HRS,29,13:23,15:01,24552,MAR
RST ROMB HRS,Hartmann GA 2002,116 HRS,29,07:00,08:07,24112,MAR
RST ROMB HRS,Hartmann GA 2002,115 HRS,29,15:16,17:20,24143,MAR
RST ROMB HRS,Hartmann GA 2002,116 HRS,29,08:22,11:01,24905,MAR
RST ROMB HRS,Hartmann GA 2002,115 HRS,29,17:35,18:45,24601,MAR
RST ROMB HRS,Hartmann GA 2002,116 HRS,29,11:16,14:05,24094,MAR
RST ROMB HRS,Hartmann GA 2002,116 HRS,29,14:20,17:29,24460,MAR
RST ROMB HRS,Hartmann GA 2002,116 HRS,29,17:44,18:56,24667,MAR
RST ROMB HRS,Hartmann GA 2002,106 HRS,30,07:00,11:41,24335,MAR
RST ROMB HRS,Hartmann GA 2002,106 HRS,30,11:56,15:41,24925,MAR
RST ROMB HRS,Hartmann GA 2002,106 HRS,30,15:56,18:44,24316,MAR
RST ROMB HRS,Hartmann GA 2002,109 HRS,30,16:54,18:32,24618,MAR
RST ROMB HRS,Hartmann GA 2002,110 HRS,30,07:00,12:34,24935,MAR
RST ROMB HRS,Hartmann GA 2002,110 HRS,30,12:49,17:03,24380,MAR
RST ROMB HRS,Hartmann GA 2002,110 HRS,30,17:18,18:57,24451,MAR
RST ROMB HRS,Hartmann GA 2002,111 HRS,30,07:00,12:52,24294,MAR
RST ROMB HRS,Hartmann GA 2002,112 HRS,30,07:00,13:48,24502,MAR
RST ROMB HRS,Hartmann GA 2002,111 HRS,30,13:07,16:21,24348,MAR
RST ROMB HRS,Hartmann GA 2002,112 HRS,30,14:03,16:58,24318,MAR
RST ROMB HRS,Hartmann GA 2002,114 HRS,30,07:00,12:28,24607,MAR
RST ROMB HRS,Hartmann GA 2002,111 HRS,30,16:36,18:20,24176,MAR
RST ROMB HRS,Hartmann GA 2002,114 HRS,30,12:43,15:02,24866,MAR
RST ROMB HRS,Hartmann GA 2002,115 HRS,30,07:00,11:01,24739,MAR
RST ROMB HRS,Hartmann GA 2002,114 HRS,30,15:17,17:07,24639,MAR
RST ROMB HRS,Hartmann GA 2002,116 HRS,30,07:00,10:15,24114,MAR
RST ROMB HRS,Hartmann GA 2002,115 HRS,30,11:16,14:00,24659,MAR
RST ROMB HRS,Hartmann GA 2002,115 HRS,30,14:15,17:02,24410,MAR
RST ROMB HRS,Hartmann GA 2002,112 HRS,30,17:13,18:21,24111,MAR
RST ROMB HRS,Hartmann GA 2002,116 HRS,30,10:30,14:37,24707,MAR
RST ROMB HRS,Hartmann GA 2002,109 HRS,31,07:00,10:37,24561,MAR
RST ROMB HRS,Hartmann GA 2002,109 HRS,31,10:52,15:51,24218,MAR
RST ROMB HRS,Hartmann GA 2002,106 HRS,31,07:00,10:08,24461,MAR
RST ROMB HRS,Hartmann GA 2002,106 HRS,31,10:23,13:08,24884,MAR
RST ROMB HRS,Hartmann GA 2002,106 HRS,31,13:23,16:44,24119,MAR
RST ROMB HRS,Hartmann GA 2002,109 HRS,31,16:06,17:41,24187,MAR
RST ROMB HRS,Hartmann GA 2002,110 HRS,31,07:00,08:54,24425,MAR
RST ROMB HRS,Hartmann GA 2002,110 HRS,31,09:09,14:10,24749,MAR
RST ROMB HRS,Hartmann GA 2002,110 HRS,31,14:25,16:14,24888,MAR
RST ROMB HRS,Hartmann GA 2002,110 HRS,31,16:29,18:21,24236,MAR
RST ROMB HRS,Hartmann GA 2002,111 HRS,31,07:00,13:17,24126,MAR
RST ROMB HRS,Hartmann GA 2002,112 HRS,31,07:00,10:22,24311,MAR
RST ROMB HRS,Hartmann GA 2002,106 HRS,31,16:59,18:55,24946,MAR
RST ROMB HRS,Hartmann GA 2002,111 HRS,31,13:32,17:53,24106,MAR
RST ROMB HRS,Hartmann GA 2002,112 HRS,31,10:37,13:29,24863,MAR
